time,bulk_energy,dt,flux,mem_usage,total_energy,walltime
0,31.875049440519,0,0,0,0,0
1,31.844986951363,1,-0.15110115144141,922370,31.857800274605,0.5396187
2,31.803083115792,1,-0.17773948365668,934760,31.822710205066,0.6920105
3,31.74061458846,1,-0.22794212087656,938816,31.771989058579,0.8540824
4,31.642813543753,1,-0.29478420060798,942175,31.695124853944,1.0132781
5,31.484092815392,1,-0.38297569689519,944324,31.574418205327,1.2337484
6,31.22091087915,1,-0.49728570964665,946100,31.380647287299,1.4300539
7,30.78355291511,1,-0.63941922283889,948338,31.068785317387,1.6382355
8,30.073306497458,1,-0.80378198247166,949261,30.578700544254,1.8211819
9,28.979181508163,1,-0.97449988394023,950707,29.850335602083,2.0171122
10,27.425949988608,1,-1.1298276590808,952251,28.858835507542,2.2180415
11,25.437573802605,1,-1.255601783695,953324,27.653024253317,2.4168647
12,23.168095017331,1,-1.3583192091911,954434,26.360589071825,2.6071838
13,20.86442260737,1,-1.464929997665,955969,25.142955007378,2.8034627
14,18.776168088866,1,-1.602805461739,956583,24.126238997646,2.9992933
15,17.06206625212,1,-1.7687777863729,958300,23.351866726661,3.1890751
16,15.751383551289,1,-1.9311655271412,958300,22.781049558313,3.3715891
17.05,14.737565213338,1.05,-2.06689093521,958828,22.323502749556,3.5592123
18.1525,13.953233530452,1.1025,-2.1630601908742,958828,21.927852709476,3.7558192
19.310125,13.32476011697,1.157625,-2.2258315570611,960668,21.565754487542,3.9482368
20.52563125,12.806842374697,1.21550625,-2.2625350357306,961680,21.237124595373,4.1292649
21.8019128125,12.386640239543,1.2762815625,-2.2676985787952,962245,20.951620995524,4.3274074
23.142008453125,12.052616219154,1.340095640625,-2.2394408151808,962245,20.7055825029,4.5122128
24.549108875781,11.783020876193,1.4071004226563,-2.1958622135137,963322,20.485559809718,4.7102769
26.02656431957,11.558117041478,1.4774554437891,-2.1571349156175,963322,20.281042174538,4.9071391
27.577892535549,11.365189615769,1.5513282159785,-2.1251714259091,963322,20.086507161789,5.1086864
29.206787162326,11.194930836095,1.6288946267774,-2.0915975287997,963887,19.898129582144,5.3153096
30.917126520443,11.039406161467,1.7103393581163,-2.0493146943223,963887,19.712351083648,5.5238258
32.712982846465,10.892209251086,1.7958563260221,-1.993944006651,964940,19.525958402603,5.732025
34.598631988788,10.748860345341,1.8856491423232,-1.9225191467055,964940,19.336344193771,5.9493125
36.578563588227,10.60702532411,1.9799315994394,-1.834282556207,966111,19.141850166937,6.1575845
38.657491767639,10.466336039835,2.0789281794114,-1.7325200970214,966635,18.942054713183,6.3599687
40.840366356021,10.327609881932,2.1828745883819,-1.6243449138568,967225,18.737597632179,6.564351
43.132384673822,10.191832261765,2.292018317801,-1.5179609136258,967225,18.5295436558,6.7692378
45.539003907513,10.059553578808,2.4066192336911,-1.4197642282424,967225,18.318763156171,6.9727384
48.065954102888,9.930764571568,2.5269501953756,-1.3328988570079,967225,18.105616675315,7.1716863
50.592904298264,9.8108007743099,2.5269501953756,-1.2608787446194,967225,17.899998580398,7.3699617
53.11985449364,9.6981534994292,2.5269501953756,-1.200741449589,967225,17.700849551091,7.569466
55.646804689015,9.5914406393672,2.5269501953756,-1.1493293507132,967225,17.507074712085,7.773261
58.173754884391,9.4893185456572,2.5269501953756,-1.1040537285478,967811,17.317592917076,7.977674
60.700705079767,9.3902844697337,2.5269501953756,-1.0639193548702,968368,17.131324829484,8.1714631
63.227655275142,9.29242159239,2.5269501953756,-1.0302738624595,968368,16.947178631604,8.3704585
65.754605470518,9.1934092613458,2.5269501953756,-1.0066855174927,968368,16.7641658037,8.5606587
68.281555665894,9.0914456797102,2.5269501953756,-0.99778263421186,968368,16.581841011736,8.7408285
70.808505861269,8.9871465765663,2.5269501953756,-1.006953077318,968368,16.40098624496,8.9395364
73.335456056645,8.8841900631273,2.5269501953756,-1.0339224963135,968999,16.223612510787,9.1401338
75.86240625202,8.7870585217392,2.5269501953756,-1.0754882414211,968999,16.051582062155,9.3428825
78.389356447396,8.698078658435,2.5269501953756,-1.1296592641735,968999,15.884724293206,9.5395663
80.916306642772,8.6149880034619,2.5269501953756,-1.1968014376832,969622,15.719369414005,9.7208529
83.443256838147,8.5286949718458,2.5269501953756,-1.2563012833591,970265,15.548640501609,9.941924
85.970207033523,8.4353807359084,2.5269501953756,-1.2571330210928,970265,15.369154871209,10.1851836
88.497157228899,8.3461405454882,2.5269501953756,-1.2140904961794,970826,15.180040650942,10.4308581
91.024107424274,8.2597151565265,2.5269501953756,-1.2184580137521,970826,14.964063134046,10.6743422
93.55105761965,8.1251692433359,2.5269501953756,-1.3009884028131,970826,14.697853790748,10.9325502
96.078007815026,7.9595233996805,2.5269501953756,-1.1815486986916,970826,14.437858637611,11.1827134
98.604958010401,7.7972693792282,2.5269501953756,-0.82838593395279,970826,14.210130869422,11.4282804
101.13190820578,7.6414693845576,2.5269501953756,-0.54120336201208,970826,14.024702157278,11.6779068
103.65885840115,7.5134881253335,2.5269501953756,-0.3647549714408,970826,13.884534453134,11.8820077
106.18580859653,7.4052739932478,2.5269501953756,-0.23467483515844,971392,13.771792651897,12.0902356
108.7127587919,7.3106054384525,2.5269501953756,-0.12044189653516,971392,13.674403171154,12.2820045
111.23970898728,7.229867127266,2.5269501953756,-0.014024410740453,971392,13.587287762778,12.4956443
113.76665918265,7.1634457486413,2.5269501953756,0.08283532015073,971392,13.507421695763,12.7102232
116.29360937803,7.1093366332956,2.5269501953756,0.16363976367364,971392,13.431287965396,12.9178568
118.94690708317,7.0622501610549,2.6532977051444,0.21380292988503,971392,13.349989828827,13.167442
121.60020478832,7.0184531878191,2.6532977051444,0.16209365912445,971392,13.256396978867,13.4177011
124.25350249346,6.9507754753063,2.6532977051444,-0.037114584536236,971392,13.139424097611,13.6608453
126.90680019861,6.871479730668,2.6532977051444,-0.14116419913885,971392,13.034066905277,13.914517
129.69276278901,6.8087691774804,2.7859625904016,-0.15344386873934,971392,12.956383999504,14.1225879
132.61802350893,6.7603446747023,2.9252607199217,-0.13792045749082,971916,12.89761974402,14.3292539
135.68954726485,6.7208964460143,3.0715237559178,-0.11665322647568,971916,12.847737216077,14.5354465
138.91464720856,6.6869173720391,3.2250999437137,-0.094320875286319,971916,12.800528146742,14.7388863
142.30100214946,6.6559562295316,3.3863549408994,-0.072108159430305,971916,12.752898026824,14.9494121
145.68735709036,6.6277473343756,3.3863549408994,-0.051584446347848,971916,12.705838940285,15.1522894
149.24302977831,6.5997787751239,3.5556726879444,-0.031996648860021,971916,12.656504795041,15.3596736
152.79870246625,6.5727275581741,3.5556726879444,-0.014393684583889,971916,12.607027127965,15.5641978
156.3543751542,6.5461389629101,3.5556726879444,0.0013194514903599,971916,12.557269041042,15.7641424
159.91004784214,6.5197574904202,3.5556726879444,0.01524920416384,971916,12.5071119691,15.9688637
163.46572053008,6.4934459485408,3.5556726879444,0.027482281772484,971916,12.456432465892,16.1797782
167.02139321803,6.4671326879344,3.5556726879444,0.03807159467203,971916,12.405090213845,16.3975653
170.57706590597,6.4407790779996,3.5556726879444,0.047030516279369,971916,12.35291637728,16.6049358
174.13273859392,6.4143607249494,3.5556726879444,0.054330180989983,971916,12.299698581146,16.8115413
177.68841128186,6.3878580981098,3.5556726879444,0.059898402480821,971916,12.245159623337,17.0114068
181.24408396981,6.3612562357008,3.5556726879444,0.063624833785846,971916,12.188924882449,17.1995163
184.79975665775,6.3345570736286,3.5556726879444,0.065395739373179,971916,12.130466545419,17.3993682
188.35542934569,6.3078093062278,3.5556726879444,0.065240878456357,971916,12.06899447113,17.6059597
191.91110203364,6.2811616452297,3.5556726879444,0.063846960619692,971916,12.003212604421,17.8114822
195.46677472158,6.2549587482423,3.5556726879444,0.064314903798692,971916,11.930687389292,18.0126388
199.02244740953,6.2298738496642,3.5556726879444,0.079502409088061,971916,11.845754898768,18.2278131
202.57812009747,6.2037816359674,3.5556726879444,0.17819664351496,971916,11.729009166602,18.4691688
206.13379278542,6.1131012043214,3.5556726879444,0.48920030271942,971916,11.542238112509,18.7007042
209.68946547336,5.9777841984751,3.5556726879444,0.67199626475274,971916,11.380869930903,18.9686798
213.2451381613,5.8884596911827,3.5556726879444,0.74446786741309,971916,11.291792136376,19.1608488
216.97859448365,5.8295900436243,3.7334563223416,0.7921322419835,971916,11.235326901245,19.3621839
220.71205080599,5.7899407118848,3.7334563223416,0.83273060727604,971916,11.191384087107,19.5920033
224.44550712833,5.7607792375709,3.7334563223416,0.87078133873243,971916,11.150443681607,19.800099
228.17896345067,5.7372620256144,3.7334563223416,0.90841983277185,971916,11.109301186783,20.0051506
232.09909258913,5.7156250487463,3.9201291384587,0.94870386148268,971916,11.064312671165,20.2122889
236.21522818451,5.6945655967533,4.1161355953816,0.98999627472643,971916,11.013252507075,20.4225938
240.53717055966,5.6736917584256,4.3219423751507,1.0144311129238,971916,10.950668176938,20.6730458
244.85911293481,5.6477863209955,4.3219423751507,0.86939512121381,971916,10.856929277644,20.8913257
249.18105530996,5.5658946726816,4.3219423751507,0.59555301790464,971916,10.73176101426,21.1778547
253.50299768511,5.4991558412048,4.3219423751507,0.52582737035915,971916,10.65379097927,21.4260862
257.82494006026,5.4602556039041,4.3219423751507,0.52169001212574,971916,10.612604102803,21.6307736
262.14688243542,5.4352710849224,4.3219423751507,0.52756952457799,971916,10.586289621554,21.8385351
266.46882481057,5.4175893587927,4.3219423751507,0.53430385335276,971916,10.565289303635,22.0693096
270.79076718572,5.4037576004302,4.3219423751507,0.54089226185279,971916,10.546138462664,22.2884224
275.11270956087,5.3919413828609,4.3219423751507,0.54720886920521,971916,10.527679813764,22.4964093
279.65074905478,5.380694112256,4.5380394939082,0.55344944933775,971916,10.508646034251,22.6951749
284.18878854868,5.3701202707525,4.5380394939082,0.55921817401983,971916,10.489846779064,22.9012357
288.95373001729,5.3594385307663,4.7649414686036,0.56473017851412,971916,10.470318326859,23.1046427
293.95691855932,5.3485038511672,5.0031885420338,0.56990008094049,971916,10.450026930463,23.3135512
298.96010710136,5.3377582391969,5.0031885420338,0.57442937910893,971916,10.429941913864,23.524546
303.96329564339,5.3271494106308,5.0031885420338,0.57831453681447,971916,10.410053463311,23.724013
308.96648418542,5.3166508935823,5.0031885420338,0.58155566102326,971916,10.390353241607,23.9332271
314.21983215456,5.3057315964771,5.2533479691355,0.58426988225166,971916,10.369862752974,24.1516351
319.47318012369,5.2949121784502,5.2533479691355,0.58628585616436,971916,10.349564436532,24.3578261
324.72652809283,5.2841887525383,5.2533479691355,0.58761423341687,971916,10.329451660628,24.5627028
329.97987606196,5.2735587573522,5.2533479691355,0.588268502863,971916,10.309518501362,24.7688125
335.2332240311,5.263020368605,5.2533479691355,0.58826461015687,972436,10.289759589468,24.9752284
340.48657200024,5.2525721573021,5.2533479691355,0.58762065196546,972436,10.270169996707,25.1806249
345.73991996937,5.2422129381045,5.2533479691355,0.58635664145119,972436,10.250745150271,25.3877692
350.99326793851,5.2319417043219,5.2533479691355,0.58449431000838,972436,10.231480767578,25.5891287
356.5092833061,5.2212504409138,5.5160153675923,0.58192090167295,972436,10.211421550836,25.7888224
362.02529867369,5.210654408607,5.5160153675923,0.57874230320715,972436,10.191530413717,25.9690636
367.54131404128,5.2001528044138,5.5160153675923,0.57498793938766,972436,10.171803056089,26.1668187
373.05732940888,5.1897446224162,5.5160153675923,0.57068828572749,972436,10.15223537934,26.3721959
378.57334477647,5.1794287403481,5.5160153675923,0.56587433968153,972436,10.13282345049,26.574533
384.08936014406,5.1692038912219,5.5160153675923,0.56057714736102,972436,10.113563498537,26.7772349
389.60537551165,5.1590686846396,5.5160153675923,0.5548274094462,972436,10.094451932827,26.9733292
395.39719164762,5.1485214504441,5.7918161359719,0.54833660918758,972436,10.074540895548,27.1757918
401.1890077836,5.1380699981266,5.7918161359719,0.54141410995288,972436,10.054786179456,27.372135
406.98082391957,5.1277131084319,5.7918161359719,0.53409214648177,972436,10.035184447633,27.5995566
413.06223086234,5.116938944507,6.0814069427705,0.52600893765688,972436,10.014764141356,27.8232088
419.14363780511,5.1062675687182,6.0814069427705,0.51755474382937,972436,9.9945062389132,28.0455065
425.22504474788,5.0956990466705,6.0814069427705,0.50876231586246,972932,9.9744079262729,28.2632296
431.30645169065,5.0852336700972,6.0814069427705,0.49966302553934,972932,9.9544666093154,28.4899111
437.38785863342,5.074871838809,6.0814069427705,0.49028661276674,972932,9.934679764151,28.7026123
443.46926557619,5.0646137681234,6.0814069427705,0.48066102150944,972932,9.9150448093543,28.9061672
449.55067251896,5.0544592200109,6.0814069427705,0.47081229145586,972932,9.8955590120381,29.1151058
455.63207946173,5.0444073308901,6.0814069427705,0.46076450643609,972932,9.8762194397625,29.3350798
461.7134864045,5.0344565700215,6.0814069427705,0.45053981789844,972932,9.8570229616323,29.5378313
467.79489334727,5.0246048257673,6.0814069427705,0.44015854879549,972932,9.8379662919384,29.7462086
473.87630029004,5.0148495849227,6.0814069427705,0.42963936565278,972932,9.8190460615209,29.9565143
480.26177757995,5.0047073321329,6.385477289909,0.41846502840339,972932,9.7993230485303,30.1685119
486.64725486986,4.9946654750473,6.385477289909,0.40717628198964,972932,9.7797429739977,30.3738337
493.03273215977,4.9847211984927,6.385477289909,0.39579008406781,972932,9.7603021383021,30.5948569
499.41820944968,4.9748719117295,6.385477289909,0.38432244696669,972932,9.7409970554325,30.8922832
505.80368673959,4.9651153898895,6.385477289909,0.37278841773393,972932,9.7218244444002,31.1071639
512.1891640295,4.9554497356041,6.385477289909,0.36120209712476,972932,9.7027812080611,31.3352912
518.57464131941,4.9458733008055,6.385477289909,0.34957668463193,972932,9.6838644019755,31.550518
524.96011860931,4.9363846043856,6.385477289909,0.33792455237267,972932,9.665071198971,31.7600905
531.34559589922,4.926982263972,6.385477289909,0.32625735320686,972932,9.6463988548934,31.9913385
537.73107318913,4.9176649483447,6.385477289909,0.31458615637058,972932,9.6278446779628,32.2431093
544.11655047904,4.9084313498775,6.385477289909,0.30292159378222,972932,9.6094060024279,32.4832063
550.50202776895,4.8992801697204,6.385477289909,0.29127399459009,972932,9.591080165273,32.7468413
556.88750505886,4.8902101049046,6.385477289909,0.27965348586904,972932,9.5728644842616,32.9608565
563.27298234877,4.8812198273259,6.385477289909,0.26807004223176,972932,9.5547562361421,33.1896219
569.65845963868,4.872307950163,6.385477289909,0.25653347890588,972932,9.5367526354707,33.4806898
576.04393692859,4.8634729854481,6.385477289909,0.24505338798483,972932,9.5188508158546,33.7001053
582.4294142185,4.8547133040381,6.385477289909,0.2336390330198,972932,9.5010478165339,33.9146052
588.8148915084,4.8460271128267,6.385477289909,0.2222992220482,972932,9.4833405770421,34.1543237
595.20036879831,4.8374124621332,6.385477289909,0.21104218078539,972932,9.4657259412967,34.3748772
601.58584608822,4.82886728887,6.385477289909,0.19987544675144,972932,9.4482006701806,34.6014626
607.97132337813,4.82038949271,6.385477289909,0.18880579838498,972932,9.430761459626,34.865254
614.35680066804,4.8119770340308,6.385477289909,0.17783922424208,972932,9.4134049593667,35.1120471
621.06155182245,4.803212160715,6.7047511544044,0.1664409956586,972932,9.3952659689404,35.3525038
627.76630297685,4.7945154225692,6.7047511544044,0.1551672680827,972932,9.3772104988035,35.554628
634.47105413125,4.785885379558,6.7047511544044,0.14402232451798,972932,9.3592345405871,35.7746449
641.17580528566,4.7773210003081,6.7047511544044,0.13300977280551,972932,9.3413340070639,35.9849779
647.88055644006,4.7688217047921,6.7047511544044,0.12213264777363,972932,9.3235046679805,36.1906387
654.58530759447,4.7603873245695,6.7047511544044,0.1113935813819,972932,9.3057420647812,36.4009435
661.29005874887,4.7520180284422,6.7047511544044,0.10079505220583,972932,9.2880414032715,36.6957087
667.99480990328,4.743714228405,6.7047511544044,0.090339754167259,972932,9.2703974234479,36.9029701
674.69956105768,4.7354764792572,6.7047511544044,0.080031152675425,972932,9.2528042437175,37.1184015
681.40431221209,4.7273053815504,6.7047511544044,0.069874331130404,972932,9.2352551725273,37.3345639
688.10906336649,4.7192014907659,6.7047511544044,0.059877286018233,972932,9.2177424733494,37.5499495
694.81381452089,4.7111652243491,6.7047511544044,0.050052917546409,972932,9.2002570583948,37.7535802
701.5185656753,4.7031967383644,6.7047511544044,0.04042211399139,972932,9.182788069758,37.9609594
708.2233168297,4.6952957117356,6.7047511544044,0.031018576593406,972932,9.1653222811611,38.1728548
714.92806798411,4.6874609167836,6.7047511544044,0.021896460152077,972932,9.1478432124427,38.3860708
721.63281913851,4.6796893462825,6.7047511544044,0.01314262570043,972932,9.1303297813252,38.5976978
728.33757029292,4.6719744622168,6.7047511544044,0.0048965219365315,972932,9.1127542051642,38.8736847
735.04232144732,4.6643027370687,6.7047511544044,-0.002617328416216,972932,9.0950786803006,39.1064776
741.74707260173,4.6566469101333,6.7047511544044,-0.0090364843272566,972932,9.0772500786473,39.3246982
748.45182375613,4.6489530691713,6.7047511544044,-0.013777269785597,972932,9.0591915335772,39.5590689
755.15657491053,4.6411169209066,6.7047511544044,-0.015915572037274,972932,9.0407896670735,39.8058024
761.86132606494,4.6329447941925,6.7047511544044,-0.014061816638044,972932,9.0218778005167,40.0187321
768.56607721934,4.6241074555083,6.7047511544044,-0.0063822936605812,972932,9.0022231941757,40.2279414
775.27082837375,4.6141421319133,6.7047511544044,0.0088525679456477,972932,8.9815464170221,40.4998222
781.97557952815,4.6026213119576,6.7047511544044,0.031881531559606,972932,8.9596182135534,40.8561607
788.68033068256,4.5894912126552,6.7047511544044,0.060161073798746,972932,8.9364199751696,41.2837208
795.38508183696,4.5752231277594,6.7047511544044,0.089197002639851,972932,8.91221645671,41.5035532
802.08983299137,4.5605167299971,6.7047511544044,0.11511904897406,972932,8.8874335441056,41.7236468
808.79458414577,4.5459140660814,6.7047511544044,0.13619543351403,972932,8.8624731885448,42.0097488
815.49933530017,4.5316856811773,6.7047511544044,0.15248680523459,972932,8.8376222873202,42.451996
822.20408645458,4.5179133564196,6.7047511544044,0.16489447604184,972932,8.8130541283444,42.85849
828.90883760898,4.5045917089162,6.7047511544044,0.17448599556913,972932,8.7888603164525,43.0764781
835.61358876339,4.4916863230398,6.7047511544044,0.18219137248765,972932,8.7650797841838,43.3351479
842.31833991779,4.4791571514983,6.7047511544044,0.18871809993574,972932,8.7417186842266,43.7199097
849.0230910722,4.4669655613242,6.7047511544044,0.19456213700082,972932,8.7187632532081,43.9316551
855.7278422266,4.4550756597643,6.7047511544044,0.20005061185214,972932,8.6961881197011,44.1521262
862.43259338101,4.4434541621602,6.7047511544044,0.20538766346818,972932,8.6739616755308,44.397952
869.13734453541,4.4320701362903,6.7047511544044,0.21069286090299,972932,8.6520495360302,44.631118
875.84209568981,4.4208949242934,6.7047511544044,0.2160300387108,972932,8.6304167585785,44.9358034
882.54684684422,4.409902231699,6.7047511544044,0.22142774642994,972932,8.6090292490842,45.1851516
889.25159799862,4.3990682819603,6.7047511544044,0.22689335230525,972932,8.5878546200358,45.4563969
895.95634915303,4.388371919866,6.7047511544044,0.23242266500476,972932,8.5668626599251,45.6877468
902.66110030743,4.3777945747013,6.7047511544044,0.23800646159446,972932,8.5460255181244,45.9249113
909.36585146184,4.3673200493677,6.7047511544044,0.24363485443065,972932,8.525317686103,46.169865
916.07060261624,4.3569341609235,6.7047511544044,0.24930009442807,972932,8.5047158448245,46.3866415
922.77535377065,4.3466243012035,6.7047511544044,0.25499819631205,972932,8.4841986406664,46.6411999
929.48010492505,4.3363790006149,6.7047511544044,0.26072966169579,972932,8.4637464415704,46.8933259
936.18485607945,4.3261875640081,6.7047511544044,0.26649953256265,972932,8.4433411091512,47.1196754
942.88960723386,4.31603981767,6.7047511544044,0.27231698831918,972932,8.4229658063753,47.3494179
949.59435838826,4.3059259752089,6.7047511544044,0.2781946781249,972932,8.402604847015,47.5633381
956.29910954267,4.2958366059561,6.7047511544044,0.28414795082314,972932,8.382243582869,47.803179
963.00386069707,4.2857626771192,6.7047511544044,0.29019410122055,972932,8.3618683194353,48.0263532
969.70861185148,4.2756956383161,6.7047511544044,0.29635170791533,972932,8.341466249098,48.242849
976.41336300588,4.2656275203001,6.7047511544044,0.30264010009897,972932,8.3210253913252,48.4647658
983.11811416029,4.2555510258319,6.7047511544044,0.30907896255343,972932,8.3005345314902,48.6785057
989.82286531469,4.2454595963615,6.7047511544044,0.31568807282465,972932,8.2799831514722,48.893531
996.52761646909,4.2353474442253,6.7047511544044,0.32248715285307,972932,8.2593613481102,49.1092844
1003.2323676235,4.225209544808,6.7047511544044,0.32949581538737,972932,8.2386597372905,49.3200259
1009.9371187779,4.2150415872688,6.7047511544044,0.33673358353332,972932,8.2178693433068,49.5341181
1016.6418699323,4.2048398862931,6.7047511544044,0.34421996007183,972932,8.1969814749104,49.7521014
1023.3466210867,4.1946012605649,6.7047511544044,0.35197452607551,972932,8.1759875906395,49.9672651
1030.0513722411,4.1843228867618,6.7047511544044,0.36001704868523,972932,8.1548791572364,50.2432791
1036.7561233955,4.1740021399535,6.7047511544044,0.36836758406498,973321,8.1336475052903,50.6915139
1043.4608745499,4.1636364327003,6.7047511544044,0.37704656660206,973321,8.1122836863135,50.9074332
1050.1656257043,4.1532230654805,6.7047511544044,0.38607488420719,973321,8.0907783350191,51.1144813
1056.8703768587,4.1427590994099,6.7047511544044,0.39547394497786,973321,8.0691215389382,51.320899
1063.5751280131,4.1322412593783,6.7047511544044,0.40526575131124,973321,8.0473027163841,51.526093
1070.2798791675,4.1216658715637,6.7047511544044,0.41547299705562,973321,8.0253105014595,51.7326412
1076.9846303219,4.1110288343445,6.7047511544044,0.42611920825123,973321,8.0031326331256,51.9342231
1083.6893814764,4.1003256168688,6.7047511544044,0.43722894271883,973321,7.9807558430202,52.1436932
1090.3941326308,4.0895512764935,6.7047511544044,0.44882806022494,973321,7.9581657361525,52.3559012
1097.0988837852,4.0787004836479,6.7047511544044,0.46094406711645,973321,7.9353466565199,52.557551
1103.8036349396,4.0677675445799,6.7047511544044,0.47360652909663,973321,7.9122815305335,52.7640098
1110.508386094,4.0567464116728,6.7047511544044,0.48684754370052,973321,7.888951679171,52.9723068
1117.2131372484,4.0456306750868,6.7047511544044,0.50070225569014,973321,7.8653365902628,53.1941962
1123.9178884028,4.0344135320974,6.7047511544044,0.51520940271435,973321,7.841413641418,53.3978065
1130.6226395572,4.023087732026,6.7047511544044,0.53041188435084,973321,7.8171577619875,53.6062221
1137.3273907116,4.0116454977499,6.7047511544044,0.54635735702313,974050,7.7925410202621,53.8307603
1144.032141866,4.0000784267757,6.7047511544044,0.56309887094281,974050,7.7675321178321,54.055073
1150.7368930204,3.9883773782063,6.7047511544044,0.58069558523209,974050,7.7420957674822,54.2788971
1157.4416441748,3.9765323523456,6.7047511544044,0.59921361512359,974050,7.7161919210607,54.5040393
1164.1463953292,3.964532370282,6.7047511544044,0.61872709166363,974050,7.6897748005595,54.7248218
1170.8511464836,3.9523653589004,6.7047511544044,0.63931953711959,974050,7.6627916648601,54.955176
1177.555897638,3.9400180463747,6.7047511544044,0.66108568736341,974050,7.6351812143349,55.1596992
1184.2606487924,3.9274758762409,6.7047511544044,0.68413392587172,974050,7.6068714892936,55.3570245
1190.9653999468,3.9147229643466,6.7047511544044,0.70858953415785,974050,7.5777770466632,55.5583981
1197.6701511012,3.9017421469269,6.7047511544044,0.73459901969622,974050,7.5477950813983,55.7661659
1204.3749022556,3.8885152085737,6.7047511544044,0.76233583508299,974050,7.5167999589327,55.9710676
1211.07965341,3.8750234521457,6.7047511544044,0.79200782572194,974050,7.4846352706741,56.1711169
1217.7844045644,3.8612489397001,6.7047511544044,0.82386664742598,974365,7.451101871943,56.375836
1224.4891557188,3.8471771212626,6.7047511544044,0.85821892012626,974365,7.4159390809228,56.578589
1231.1939068732,3.8328024517608,6.7047511544044,0.89543711272347,974365,7.3787935105241,56.7897237
1237.8986580277,3.8181407305157,6.7047511544044,0.93596183994897,975123,7.3391637513267,56.9929503
1244.6034091821,3.8032577810726,6.7047511544044,0.98026427888343,976261,7.2962929398756,57.1946536
1251.3081603365,3.788342816487,6.7047511544044,1.0286448241356,976261,7.2489323031073,57.3978664
1258.0129114909,3.773926081582,6.7047511544044,1.08028426389,976261,7.1947127749218,57.6435258
1264.7176626453,3.7616957284949,6.7047511544044,1.1276293516491,976261,7.1278266320383,57.8856965
1271.4224137997,3.7573696129075,6.7047511544044,1.0819750500836,976261,7.0196918026156,58.1736098
1277.7919273964,3.6547382412506,6.3695135966842,0.7628513701294,976261,6.8220105331725,58.4596896
1283.8429653132,3.5396580044865,6.05103791685,0.68495548487376,976261,6.6911474094109,58.6975018
1289.8940032301,3.4728241353319,6.05103791685,0.69569602007153,976261,6.6190056189713,58.8993054
1295.9450411469,3.4263317474696,6.05103791685,0.72038175379454,976261,6.5705133727399,59.1060509
1301.9960790638,3.3912525960736,6.05103791685,0.74588581526801,976261,6.5349991045913,59.3081968
1308.0471169806,3.3648641844804,6.05103791685,0.77134989506312,976261,6.5084374742792,59.5072322
1314.0981548975,3.3452971243267,6.05103791685,0.79736868558949,976261,6.4883341290553,59.7107909
1320.1491928143,3.3308301848313,6.05103791685,0.82424001283094,976261,6.4728059653538,59.9165337
1326.2002307312,3.320043935196,6.05103791685,0.85202587944132,976261,6.4604428143459,60.1177642
1332.251268648,3.3118804073851,6.05103791685,0.8807388266539,976261,6.4502258938554,60.3154667
1338.3023065649,3.3055893288493,6.05103791685,0.91040030331079,976261,6.4414387654444,60.5181845
1344.3533444817,3.3006491581125,6.05103791685,0.9410426028536,976261,6.4335870014186,60.7229619
1350.4043823986,3.2967006929533,6.05103791685,0.97270402908521,976261,6.4263335125538,60.9297011
1356.4554203154,3.2934987881678,6.05103791685,1.0054269180041,976261,6.4194495313002,61.1421619
1362.5064582323,3.2908786504919,6.05103791685,1.0392571748344,976261,6.4127788878058,61.3622341
1368.5574961491,3.2887326699108,6.05103791685,1.0742437684417,976261,6.406212619487,61.5825282
1374.608534066,3.2869948590482,6.05103791685,1.1104372524,976261,6.3996710944602,61.7956006
1380.6595719828,3.2856309514233,6.05103791685,1.147886270143,976261,6.3930912419237,62.0058588
1386.7106098997,3.284632946425,6.05103791685,1.1866301094197,976261,6.3864168909555,62.2222052
1392.7616478165,3.2840175604081,6.05103791685,1.2266832653677,976261,6.379590441666,62.4355141
1398.8126857334,3.2838288576053,6.05103791685,1.2680029400542,976261,6.3725439327334,62.6524952
1404.8637236502,3.2841466339144,6.05103791685,1.3104174440122,976261,6.365186600723,62.8759716
1410.9147615671,3.2851047452809,6.05103791685,1.3534563970532,976261,6.3573829585149,63.0968947
1416.9657994839,3.2869297828721,6.05103791685,1.3959005862606,976261,6.3489055807639,63.308481
1423.0168374008,3.2900264505167,6.05103791685,1.4343660102959,976261,6.3393088810492,63.5211169
1429.0678753176,3.2951615730033,6.05103791685,1.457377757234,976261,6.3274641800366,63.7827508
1434.8163613386,3.3023942909044,5.7484860210075,1.4136590797881,976261,6.3098996009297,64.0487486
1440.2774230586,3.2949507943717,5.4610617199571,1.196617591375,976261,6.2699646541287,64.3179612
1445.4654316925,3.2582574521696,5.1880086339593,0.92121216327312,976261,6.2014289441054,64.6293415
1450.3940398948,3.2003281302158,4.9286082022613,0.70097710751473,976261,6.1170807773836,64.9466063
1455.0762176869,3.1468529639275,4.6821777921482,0.57931015570194,976261,6.038085045145,65.21114
1459.7583954791,3.1024548016912,4.6821777921482,0.49903856096426,976261,5.9663301440827,65.4639503
1464.4405732712,3.0641874245474,4.6821777921482,0.43898200847813,976261,5.9006483318455,65.7160119
1469.1227510634,3.02963260458,4.6821777921482,0.39049229889328,976261,5.8397210253986,65.9292935
1473.8049288555,2.9975666295517,4.6821777921482,0.34892296236619,976261,5.7826961674747,66.1464429
1478.4871066477,2.9673839090496,4.6821777921482,0.31138659638422,976261,5.7290276283835,66.3464499
1483.1692844398,2.9388084884849,4.6821777921482,0.2763520557119,976261,5.6783464946057,66.54437
1487.851462232,2.9116891328133,4.6821777921482,0.24317566900765,976261,5.6303576717149,66.7458767
1492.5336400241,2.8858918968279,4.6821777921482,0.21169173876019,976261,5.5847853531833,66.9795567
1497.2158178163,2.8612907001173,4.6821777921482,0.1819926129013,976261,5.5413604585052,67.1857302
1501.8979956084,2.8377707313362,4.6821777921482,0.1542748685767,976261,5.4998220271111,67.397457
1506.5801734006,2.8152134240266,4.6821777921482,0.12872177501566,976261,5.4599227544406,67.594286
1511.2623511927,2.7934908573275,4.6821777921482,0.10546674716666,976261,5.4214406980103,67.7971449
1515.9445289849,2.7724817350718,4.6821777921482,0.08460746809779,976261,5.3841935359869,67.9945441
1520.626706777,2.7520896173481,4.6821777921482,0.06621141477277,976261,5.3480478435486,68.1933261
1525.3088845692,2.7322490078157,4.6821777921482,0.050303915633088,976261,5.3129205810838,68.3979453
1529.9910623613,2.7129229122198,4.6821777921482,0.036858697043847,976261,5.2787748459507,68.596671
1534.6732401535,2.6940988001938,4.6821777921482,0.025797078439716,976261,5.2456124791938,68.7983702
1539.3554179456,2.6757844491391,4.6821777921482,0.016988541134757,976261,5.2134650516347,69.0035248
1544.0375957378,2.6580027842233,4.6821777921482,0.010251360213225,976261,5.182384355676,69.2010577
1548.7197735299,2.6407859134495,4.6821777921482,0.0053611887900331,976261,5.1524334999156,69.404319
1553.4019513221,2.6241694701247,4.6821777921482,0.0020717760029868,976261,5.1236794223724,69.6049896
1558.0841291142,2.6081883604574,4.6821777921482,0.00013953349709241,976261,5.0961872112375,69.8048348
1562.7663069064,2.5928746525041,4.6821777921482,-0.00066211056464312,976261,5.070016251045,70.0051458
1567.4484846985,2.5782575822012,4.6821777921482,-0.00054448938305197,976261,5.0452178640541,70.2088716
1572.1306624906,2.5643646557324,4.6821777921482,0.00028595882151299,976261,5.0218338218535,70.4149745
1576.8128402828,2.5512223420449,4.6821777921482,0.0016219077304472,976261,4.9998950492733,70.6165108
1581.4950180749,2.5388552168864,4.6821777921482,0.0032610308969513,976261,4.9794201206786,70.8191323
1586.1771958671,2.5272833519286,4.6821777921482,0.0050204497179104,976261,4.9604136195199,71.0249492
1590.8593736592,2.5165187741296,4.6821777921482,0.006751034598283,976261,4.9428648296745,71.2299624
1595.5415514514,2.5065624381489,4.6821777921482,0.0083444861903916,976261,4.9267473228817,71.428664
1600.2237292435,2.4974029744604,4.6821777921482,0.0097316165456806,976261,4.9120197593813,71.6318739
1604.9059070357,2.4890176101172,4.6821777921482,0.010874924834362,976261,4.8986278062402,71.828602
1609.5880848278,2.4813746963417,4.6821777921482,0.011759975699366,976261,4.8865067501403,72.0275001
1614.27026262,2.4744367765975,4.6821777921482,0.012388671516122,976261,4.8755842903545,72.2348483
1618.9524404121,2.4681632460517,4.6821777921482,0.01277511194098,976261,4.8657831198194,72.436235
1623.8687270939,2.4622432807246,4.9162866817557,0.012946233814942,976261,4.8566109626484,72.6339243
1629.0308281097,2.4567106666881,5.1621010158434,0.012906553644105,976261,4.8481126646396,72.8381398
1634.1929291256,2.4518251818216,5.1621010158434,0.012689979228792,976261,4.8406682203806,73.0439533
1639.3550301414,2.4475303547583,5.1621010158434,0.012346627524097,976261,4.8341724317849,73.2457644
1644.7752362081,2.443592963717,5.4202060666356,0.011901186430802,976261,4.8282623408129,73.4494416
1650.466452578,2.4400225260135,5.6912163699674,0.01138975465415,976261,4.8229421063309,73.650234
1656.4422297665,2.4368218536902,5.9757771884658,0.010848760456033,976261,4.8182054399412,73.8477066
1662.418006955,2.4341117480913,5.9757771884658,0.010335346352587,976531,4.8142181115052,74.0485023
1668.6925730028,2.4317175956136,6.274566047889,0.0098463773980404,976531,4.8107177659376,74.2462446
1675.2808673531,2.4296258721895,6.5882943502835,0.0093978723316102,976531,4.8076794898778,74.4484666
1682.1985764209,2.4278196806335,6.9177090677977,0.008998774086773,976531,4.8050728796229,74.6479833
1689.4621709421,2.426278636018,7.2635945211876,0.0086518319020606,976531,4.8028633494865,74.8468845
1696.7257654633,2.4250367043924,7.2635945211876,0.0083678895041243,976531,4.8010924536438,75.0458187
1704.3525397105,2.4239917893631,7.6267742472469,0.0081249007221699,976531,4.7996120515945,75.2417548
1712.3606526702,2.4231234460612,8.0081129596093,0.0079176347998327,976789,4.7983898872786,75.4419908
1720.7691712777,2.4224115932166,8.4085186075897,0.0077405336241753,976789,4.7973940042131,75.6376917
1729.5981158157,2.4218362476581,8.8289445379692,0.0075884015734633,976789,4.7965934715926,75.839055
1738.8685075806,2.4213780869048,9.2703917648677,0.0074567875258181,976789,4.795959029205,76.0394063
1748.6024189337,2.4210189005957,9.7339113531111,0.0073421076590593,976789,4.7954636006392,76.242724
1758.8230258545,2.4207419120291,10.220606920767,0.0072416034034495,976789,4.7950826586741,76.4407377
1769.5546631213,2.4205319996929,10.731637266805,0.0071532138025364,976789,4.7947944433981,76.6415917
1780.8228822514,2.4203758282316,11.268219130145,0.0070754100708863,976789,4.7945800437352,76.8428007
1792.6545123381,2.4202618942001,11.831630086652,0.007007038876913,976789,4.7944233595999,77.0471424
1805.077723929,2.4201804948853,12.423211590985,0.0069471892601716,976789,4.7943109661293,77.2468491
1818.1220960996,2.4201236319858,13.044372170534,0.0068950901131924,976789,4.7942319035233,77.4461726
1831.8186868786,2.4200848655978,13.696590779061,0.0068500432358199,976789,4.7941774162882,77.6472962
1846.2001071967,2.420059135241,14.381420318014,0.006811382239602,976789,4.7941406644151,77.8052299
1861.3005985306,2.4200425639264,15.100491333915,0.006778450719707,976789,4.7941164265008,77.9632658
1877.1561144312,2.4200322572747,15.855515900611,0.0067506007629095,976789,4.7941008114067,78.1222684
1893.8044061268,2.4200261145203,16.648291695641,0.0067271926077067,976789,4.7940909911423,78.2832931
1911.2851124072,2.4200226545615,17.480706280423,0.0067076058251953,976789,4.7940849635652,78.440775
1929.6398540017,2.420020864911,18.354741594444,0.0066912493894981,976789,4.7940813496229,78.6027346
1948.9123326759,2.4200200764264,19.272478674167,0.0066775706564287,976789,4.7940792264484,78.7619986
1969.1484352837,2.4200198626906,20.236102607875,0.0066660645367282,976789,4.7940779949129,78.9204809
1990.396343022,2.4200199631369,21.247907738269,0.0066562779848251,976789,4.7940772782941,79.0835971
2012.7066461472,2.4200202258732,22.310303125182,0.0066478137480431,976789,4.7940768475633,79.2475003
2036.1324644286,2.4200205674922,23.425818281441,0.00664033056942,976789,4.7940765683402,79.4127372
2060.7295736241,2.4200209456283,24.597109195513,0.0066335410729025,976789,4.794076364668,79.5754357
2086.5565382794,2.4200213410071,25.826964655289,0.0066272080928505,976789,4.7940761952535,79.7350415
