time,bulk_energy,dt,total_energy
0,30723.299853238,0,0
1,30137.500548798,1,30610.32694599
2.05,29433.62265195,1.05,30137.834451139
3.1525,28190.132160088,1.1025,29283.048222713
4.310125,26662.691844188,1.157625,28311.958833148
5.52563125,24636.780829171,1.21550625,27027.947874342
6.8019128125,22420.466295534,1.2762815625,25687.625114755
8.142008453125,20088.708536694,1.340095640625,24295.357667584
9.5491088757813,17928.43793042,1.4071004226563,23044.605782007
11.02656431957,16069.382267322,1.4774554437891,21971.06854662
12.577892535549,14614.305740832,1.5513282159785,21133.089461236
14.206787162326,13518.197803042,1.6288946267774,20468.395993149
15.917126520443,12703.867651024,1.7103393581163,19947.334178586
17.712982846465,12113.032245484,1.7958563260221,19533.724351037
19.598631988788,11663.450641834,1.8856491423232,19187.96452467
21.578563588227,11311.159366774,1.9799315994394,18885.253560435
23.657491767639,11013.809800839,2.0789281794114,18611.727825837
25.840366356021,10798.40729763,2.1828745883819,18383.390631948
28.132384673822,10584.808343106,2.292018317801,18150.210148109
30.539003907513,10423.184527306,2.4066192336911,17948.816524273
33.065954102888,10246.024248771,2.5269501953756,17735.809021422
35.719251808033,10117.083936141,2.6532977051444,17555.638237347
38.505214398434,9958.702146544,2.7859625904016,17353.380339394
41.430475118356,9842.5834134816,2.9252607199217,17179.919692712
44.501998874274,9695.0110436773,3.0715237559178,16983.677936209
47.727098817988,9581.6034041136,3.2250999437137,16808.517367615
51.113453758887,9392.7039152872,3.3863549408994,16583.855250286
54.669126446831,9221.1300899784,3.5556726879444,16380.068359963
58.402582769173,9090.4093338398,3.7334563223416,16196.914882728
62.136039091515,8961.7303754212,3.7334563223416,16017.227805131
66.056168229973,8855.5197292061,3.9201291384587,15848.473008795
70.172303825355,8737.170528084,4.1161355953816,15671.135872647
74.494246200506,8640.3653536872,4.3219423751507,15502.90903537
79.032285694414,8526.3588418021,4.5380394939082,15320.485268682
83.797227163017,8427.0049395605,4.7649414686036,15142.092061896
88.800415705051,8301.7379712571,5.0031885420338,14944.300279568
94.053763674187,8193.0985719819,5.2533479691355,14752.263866964
99.569779041779,8058.3522947551,5.5160153675923,14541.026239879
105.36159517775,7949.2222836072,5.7918161359719,14345.222825639
111.15341131372,7826.4316287464,5.7918161359719,14144.055397565
117.23481825649,7725.284305478,6.0814069427705,13953.275860918
123.31622519926,7601.5166548181,6.0814069427705,13751.725903067
129.39763214203,7504.4805408261,6.0814069427705,13567.859985035
135.4790390848,7382.7081946838,6.0814069427705,13371.517091829
141.56044602757,7291.016280303,6.0814069427705,13198.921101875
147.64185297035,7182.0474132468,6.0814069427705,13021.512915249
154.02733026025,7085.6465294249,6.385477289909,12850.312795981
160.41280755016,6981.7401875041,6.385477289909,12682.650151438
166.79828484007,6902.7525399167,6.385477289909,12535.818318682
173.18376212998,6808.8750322931,6.385477289909,12387.166955733
179.88851328439,6736.7854577183,6.7047511544044,12250.602695611
186.92850199651,6632.9619289148,7.0399887121247,12098.021979763
193.96849070864,6569.644353385,7.0399887121247,11974.429157782
201.36047885637,6479.3974812138,7.3919881477309,11833.967468803
208.7524670041,6411.5038222875,7.3919881477309,11708.17826449
216.14445515183,6324.7351905655,7.3919881477309,11576.21742636
223.90604270695,6266.4006260804,7.7615875551174,11461.610660196
232.05570963982,6181.9523080946,8.1496669328733,11331.994535364
240.61285991934,6127.2685723241,8.557150279517,11221.262659789
249.17001019885,6052.7753771272,8.557150279517,11101.690801828
258.15501799235,6003.0492216246,8.9850077934928,10996.760687933
267.14002578584,5927.992767586,8.9850077934928,10879.496757407
276.12503357933,5883.1361571697,8.9850077934928,10783.428006746
285.11004137282,5810.8998392172,8.9850077934928,10673.100030397
294.09504916632,5769.5759606445,8.9850077934928,10584.804857301
303.08005695981,5700.7241947737,8.9850077934928,10482.927075596
312.51431514298,5667.7533987198,9.4342581831675,10402.664666751
322.4202862353,5599.4852164749,9.9059710923258,10298.716400344
332.32625732763,5565.7077922199,9.9059710923258,10216.195045524
342.23222841995,5495.8804291932,9.9059710923258,10112.766996508
352.13819951228,5460.540808844,9.9059710923258,10034.04956298
362.04417060461,5402.9103197463,9.9059710923258,9942.5824353097
371.95014169693,5368.3045054347,9.9059710923258,9868.0045049169
381.85611278926,5312.9775719408,9.9059710923258,9782.6084706754
391.76208388158,5285.1700122171,9.9059710923258,9715.0198793704
401.66805497391,5220.6519710814,9.9059710923258,9624.6436194086
411.57402606624,5183.803952751,9.9059710923258,9553.0581254077
421.47999715856,5126.7543977162,9.9059710923258,9470.1529525516
431.38596825089,5106.6069546116,9.9059710923258,9414.1460498028
441.29193934321,5041.8835133618,9.9059710923258,9333.5442674716
451.19791043554,5023.766794579,9.9059710923258,9284.8571275969
461.10388152786,4972.7175366468,9.9059710923258,9216.667780316
471.50515117481,4968.6205504805,10.401269646942,9176.8401424246
481.90642082175,4925.4587249572,10.401269646942,9111.3608657229
492.30769046869,4887.8027911727,10.401269646942,9053.6310818033
502.70896011563,4847.8261433201,10.401269646942,8998.3762029089
513.11022976258,4832.0750706376,10.401269646942,8957.7857991962
523.51149940952,4791.2005090001,10.401269646942,8904.8980811619
533.91276905646,4778.8277435116,10.401269646942,8870.5007148611
544.83410218575,4740.8125884546,10.921333129289,8820.8030036535
555.75543531504,4730.6299353746,10.921333129289,8788.9964646242
567.22283510079,4697.4275821099,11.467399785754,8742.2408849564
578.69023488655,4687.2420267596,11.467399785754,8708.3166235285
590.1576346723,4652.7792932812,11.467399785754,8660.3417019182
601.62503445805,4639.3194919281,11.467399785754,8627.1938541519
613.09243424381,4607.0217921122,11.467399785754,8583.4652916393
625.13320401885,4598.0034785103,12.040769775041,8554.6569253664
637.17397379389,4566.0923157702,12.040769775041,8512.7749422578
649.21474356893,4559.038793913,12.040769775041,8487.0638848676
661.85755183272,4530.3203615084,12.642808263793,8447.3445119618
674.50036009652,4523.2816960154,12.642808263793,8421.0267997051
687.7753087735,4492.4218430279,13.274948676983,8378.2421732346
701.05025745048,4483.2327871307,13.274948676983,8350.7896272486
714.32520612747,4454.366438967,13.274948676983,8311.4660805962
728.2639022383,4447.223816631,13.938696110832,8285.8568405382
742.20259834913,4419.5142909961,13.938696110832,8247.3146192365
756.14129445996,4415.3415605076,13.938696110832,8225.2292390557
770.77692537634,4389.1243408978,14.635630916374,8186.7935001328
785.41255629271,4381.9228721639,14.635630916374,8160.2705644021
800.04818720909,4351.783005412,14.635630916374,8118.4854933966
814.68381812546,4344.3292397158,14.635630916374,8093.0565512156
829.31944904183,4316.4962138958,14.635630916374,8055.3384872154
843.95507995821,4310.9602775039,14.635630916374,8033.3856331965
858.59071087458,4288.0257493569,14.635630916374,8000.0630482978
873.95812333677,4282.8506545604,15.367412462193,7978.1802753685
889.32553579897,4258.3805182845,15.367412462193,7942.9630357063
904.69294826116,4251.9647026336,15.367412462193,7919.7423972604
920.06036072335,4227.3159273284,15.367412462193,7884.8432752935
935.42777318554,4219.3349431728,15.367412462193,7860.7663406554
950.79518564774,4194.7761291331,15.367412462193,7825.6475957767
966.16259810993,4187.2400782886,15.367412462193,7801.5252641958
981.53001057212,4162.2541290498,15.367412462193,7766.7975740482
996.89742303432,4153.7789670065,15.367412462193,7743.1829312806
1013.0332061196,4131.8726849432,16.135783085302,7710.9506764925
1029.1689892049,4124.1948085213,16.135783085302,7687.1838672629
1045.3047722902,4101.9755393483,16.135783085302,7653.9327172172
1061.4405553755,4092.4669928231,16.135783085302,7628.7453645802
1077.5763384608,4069.5443881009,16.135783085302,7595.9840832483
1093.7121215461,4060.748985291,16.135783085302,7572.5592283765
1109.8479046314,4037.6929276441,16.135783085302,7541.7267631507
1125.9836877167,4032.0470665355,16.135783085302,7522.0483198111
1142.9262599563,4011.7902733219,16.942572239567,7493.4449380248
1159.8688321959,4007.5223499622,16.942572239567,7474.5998508694
1176.8114044354,3988.0121070461,16.942572239567,7446.9213412803
1194.601105287,3982.4878979372,17.789700851546,7427.6949365605
1213.2802911811,3960.1930493507,18.679185894123,7397.4164584721
1231.9594770752,3954.404021523,18.679185894123,7377.8628579873
1250.6386629693,3933.204505272,18.679185894123,7348.9863022799
1269.3178488635,3929.471820209,18.679185894123,7331.6746779685
1288.9309940523,3909.789259973,19.613145188829,7303.4546839532
1309.5247965006,3906.3097048533,20.593802448271,7284.8772344525
1331.1482890713,3884.4718064506,21.623492570684,7252.8765829472
1352.7717816419,3876.9529389805,21.623492570684,7230.9862694104
1374.3952742126,3854.3025383468,21.623492570684,7199.8109916859
1396.0187667833,3848.6072807791,21.623492570684,7178.7442084381
1417.642259354,3825.5631980154,21.623492570684,7146.121359053
1439.2657519247,3817.0802759067,21.623492570684,7122.9772400768
1460.8892444954,3795.0673343428,21.623492570684,7091.9383375843
1482.512737066,3789.6123820835,21.623492570684,7070.4895777274
1505.2174042653,3765.1454403432,22.704667199218,7034.1310744728
1527.9220714645,3754.525732978,22.704667199218,7005.579517563
1550.6267386637,3731.1384302353,22.704667199218,6970.9167614808
1574.4666392229,3721.134975344,23.839900559179,6944.299635967
1598.3065397821,3696.0707852556,23.839900559179,6909.700511882
1622.1464403412,3688.9145068941,23.839900559179,6886.7750230055
1647.1783359284,3666.6615279536,25.031895587138,6853.8828539406
1673.4618262949,3660.1023752667,26.283490366495,6830.2277490689
1699.7453166614,3636.9564401711,26.283490366495,6796.0296164646
1726.0288070279,3628.6831642072,26.283490366495,6771.8337615046
1752.3122973944,3605.1348330942,26.283490366495,6737.8681463326
1778.5957877609,3598.1764475152,26.283490366495,6715.2814962793
1803.565103609,3574.9342209384,24.96931584817,6683.2310142928
1828.5344194572,3570.847186142,24.96931584817,6663.7474235346
1853.5037353054,3547.2619888545,24.96931584817,6631.7792701732
1878.4730511535,3543.6324397211,24.96931584817,6612.8244552261
1903.4423670017,3518.8819465107,24.96931584817,6580.6701741641
1928.4116828499,3515.853337343,24.96931584817,6562.3596278538
1953.380998698,3491.3320573925,24.96931584817,6530.865996738
1978.3503145462,3489.7965109981,24.96931584817,6514.0798231217
2004.5680961868,3467.381367901,26.217781640579,6482.9089932016
2032.0967669094,3464.6908994449,27.528670722608,6463.6642600232
2059.625437632,3439.4884682904,27.528670722608,6429.3598596508
2087.1541083546,3434.1179690841,27.528670722608,6406.6555644256
2114.6827790772,3406.6377987898,27.528670722608,6369.8430123217
2142.2114497998,3401.6800645066,27.528670722608,6348.7468178846
2169.7401205224,3378.1165384834,27.528670722608,6315.2842948732
2197.2687912451,3372.3599767832,27.528670722608,6293.1397032741
2224.7974619677,3347.3318310839,27.528670722608,6258.2428763705
2252.3261326903,3341.4305496483,27.528670722608,6236.0121414917
2279.8548034129,3318.1110193891,27.528670722608,6201.744266448
2307.3834741355,3312.939809531,27.528670722608,6178.3242005224
2334.9121448581,3286.7458713126,27.528670722608,6137.1954224295
2362.4408155807,3273.1996284404,27.528670722608,6100.061637422
2389.9694863033,3238.3849992847,27.528670722608,6046.5193908211
2417.4981570259,3222.0413468615,27.528670722608,6007.4813715901
2445.0268277485,3190.6372455086,27.528670722608,5957.4101597795
2472.5554984711,3169.6983521292,27.528670722608,5913.7984113915
2500.0841691937,3135.5392390564,27.528670722608,5864.6249660361
2527.6128399163,3123.1942900894,27.528670722608,5832.3829770474
2555.141510639,3097.3308580955,27.528670722608,5791.6372023853
2584.0466148977,3086.9248881588,28.905104258738,5761.9181596005
2612.9517191564,3058.8434910237,28.905104258738,5721.1913195564
2641.8568234152,3048.6595903552,28.905104258738,5694.2706662251
2670.7619276739,3023.2157856945,28.905104258738,5657.4585639006
2699.6670319326,3017.1714921269,28.905104258738,5634.8332448998
2728.5721361914,2996.3523051,28.905104258738,5602.3588842451
2757.4772404501,2991.3899354906,28.905104258738,5581.3559991097
2786.3823447089,2968.8426787462,28.905104258738,5548.925866971
2815.2874489676,2960.7733069881,28.905104258738,5527.1647161231
2844.1925532263,2938.9828729401,28.905104258738,5496.6343816197
2873.0976574851,2935.5307087164,28.905104258738,5478.4941592064
2903.4480169568,2914.0998530643,30.350359471675,5447.3990473098
2930.8392163799,2908.9385380579,27.391199423187,5425.9599024501
2956.860855832,2887.1845696133,26.021639452027,5392.9885685763
2982.882495284,2880.3868182401,26.021639452027,5372.3478165841
3007.6030527634,2859.507057075,24.720557479426,5344.2424615497
3032.3236102428,2856.0263206642,24.720557479426,5328.3903743169
3058.2801955962,2837.3881861841,25.956585353397,5301.7625258271
3084.2367809496,2833.3409059625,25.956585353397,5285.6462578125
3110.193366303,2814.36079145,25.956585353397,5259.5372915399
3133.6191845845,2811.9565151494,23.425818281441,5242.6391689314
3157.0450028659,2787.6282423205,23.425818281441,5211.0556416575
3180.4708211474,2783.2643904758,23.425818281441,5195.9487813636
3203.8966394288,2765.4769405794,23.425818281441,5172.4029889781
3228.4937486243,2762.7360126887,24.597109195513,5159.5491979335
3253.0908578198,2744.7714429751,24.597109195513,5136.7606970684
3278.9178224751,2744.0257381089,25.826964655289,5125.6353692459
3306.0361353632,2727.1996986777,27.118312888053,5103.4368210872
3334.5103638956,2726.7755648435,28.474228532456,5092.2585536905
3364.4083038547,2710.3353678504,29.897939959079,5069.8117620431
3395.8011408117,2709.678412127,31.392836957033,5057.7598525103
3428.7636196166,2691.5254927074,32.962478804884,5033.7859837295
3461.7260984215,2688.9315183194,32.962478804884,5020.6652831717
3494.6885772264,2670.8241527016,32.962478804884,4997.6632666839
3527.6510560313,2669.9830534518,32.962478804884,4985.8358453739
3560.6135348362,2653.0801577194,32.962478804884,4963.4903939571
3593.576013641,2651.8753115387,32.962478804884,4952.008976126
3626.5384924459,2635.1009567941,32.962478804884,4929.8133464045
3659.5009712508,2632.6889673845,32.962478804884,4918.0038219646
3692.4634500557,2617.3463616076,32.962478804884,4896.9885276431
3727.0740528008,2615.2373583586,34.610602745129,4885.0417810139
3758.3101217783,2599.7117012505,31.236068977479,4863.8726457352
3787.9843873069,2597.9050127951,29.674265528605,4853.2946306718
3816.1749395591,2581.847626028,28.190552252174,4831.6988045692
3842.9559641987,2579.1402213749,26.781024639566,4820.4150896776
3869.7369888382,2563.152336919,26.781024639566,4800.3490912966
3896.5180134778,2562.3857113532,26.781024639566,4791.3373438343
3924.6380893493,2548.7604800711,28.120075871544,4772.6535601636
3954.1641690144,2548.2405566561,29.526079665121,4763.0291176492
3985.1665526628,2533.501193409,31.002383648377,4743.2518097596
4014.6188171288,2532.517462131,29.452264465958,4733.8524064172
4044.0710815947,2518.9798088873,29.452264465958,4715.4375403515
4072.0507328374,2518.5410886651,27.97965124266,4707.2095584452
4100.0303840801,2505.6603653909,27.97965124266,4689.7908024024
4126.6110527606,2506.3864742308,26.580668680527,4682.6231210576
4153.1917214411,2493.3990686692,26.580668680527,4665.5078049882
4179.7723901216,2493.4198785758,26.580668680527,4658.0243725993
4206.3530588022,2480.0863601226,26.580668680527,4640.5395016893
4234.2627609167,2479.7554332293,27.909702114554,4632.0841750852
4262.1724630313,2466.2614841826,27.909702114554,4613.6103696516
4291.4776502516,2461.8524974705,29.305187220281,4597.4606301489
4320.7828374718,2444.2023482456,29.305187220281,4573.2748900694
4350.0880246921,2440.629755087,29.305187220281,4560.3110752811
4379.3932119124,2424.5714091741,29.305187220281,4539.2240972088
4408.6983991327,2422.0592515183,29.305187220281,4528.9707494845
4438.003586353,2407.804156291,29.305187220281,4510.3940769011
4468.7740329343,2407.8454719565,30.770446581296,4501.5180854148
4499.5444795156,2393.6458167782,30.770446581296,4480.8321154132
4528.7764037678,2391.578774346,29.231924252231,4470.2036515482
4558.00832802,2377.4075424714,29.231924252231,4451.5202858931
4587.2402522722,2376.523922315,29.231924252231,4443.2344384866
4616.4721765245,2364.0047705208,29.231924252231,4426.6397704718
4647.1656969893,2362.8353559055,30.693520464842,4417.6637109504
4677.8592174542,2347.6983955936,30.693520464842,4399.6293880298
4708.552737919,2347.1904182808,30.693520464842,4391.9315845427
4739.2462583839,2333.587323374,30.693520464842,4375.2120960795
4769.9397788487,2332.4965179452,30.693520464842,4367.4632018288
4800.6332993135,2319.3247669621,30.693520464842,4351.3593760625
4831.3268197784,2320.180729835,30.693520464842,4345.2640038652
4863.5550162665,2308.5057283059,32.228196488084,4330.3883672588
4895.7832127545,2310.3043026459,32.228196488084,4325.1155711675
4929.622819067,2299.5613882617,33.839606312489,4310.8210305867
4965.1544056951,2301.3753257509,35.531586628113,4305.3370697063
5002.4625716547,2290.5134383628,37.308165959519,4290.9524122663
5041.6361459122,2291.9793932939,39.173574257495,4284.8486755185
5078.7580042179,2278.8918972339,37.121858305758,4268.6778089296
5115.8798625237,2277.8158813914,37.121858305758,4261.7620881221
5151.1456279141,2265.9645161149,35.26576539047,4247.4524278415
5188.1746815741,2266.505341626,37.029053659994,4241.0526523777
5223.3522825511,2253.0139482796,35.177600976994,4225.9157258724
5258.5298835281,2254.4175486097,35.177600976994,4221.1734381967
5291.9486044563,2243.4232948385,33.418720928145,4208.1329819107
5323.696389338,2245.9957352918,31.747784881737,4204.9238727056
5355.4441742198,2236.5154385673,31.747784881737,4193.5090802127
5388.7793483456,2239.7655964723,33.335174125824,4190.6837450559
5423.7812811777,2230.3368326038,35.001932832115,4178.9601429662
5458.6957091777,2233.1473771395,34.914428000035,4175.7563733523
5491.8644157778,2223.0575231791,33.168706600033,4164.2392982136
5525.0331223778,2226.1281137172,33.168706600033,4161.6613266474
5558.2018289778,2215.8100679675,33.168706600033,4149.8885817168
5593.0289709079,2215.9004515291,34.827141930035,4145.1899984338
5627.8561128379,2204.1909585502,34.827141930035,4132.8316341397
5662.6832547679,2206.2547063257,34.827141930035,4129.3769995477
5697.510396698,2194.7395860923,34.827141930035,4116.6078216466
5732.337538628,2195.8668209436,34.827141930035,4112.5360816
5767.164680558,2184.2099019286,34.827141930035,4099.8005033682
5801.9918224881,2186.2523764048,34.827141930035,4096.5544151493
5836.8189644181,2176.2401435102,34.827141930035,4084.9570453919
5871.6461063481,2179.3362767373,34.827141930035,4082.2645496359
5908.2146053747,2169.5527572127,36.568499026537,4070.473429777
5942.9546794499,2172.331456444,34.74007407521,4067.5021849733
5977.6947535251,2161.2058071664,34.74007407521,4055.2589912501
6010.6978238965,2164.0347398566,33.003070371449,4052.5841158763
6043.700894268,2154.2214242265,33.003070371449,4040.8274495651
6076.7039646394,2153.8720566486,33.003070371449,4036.1570807974
6109.7070350109,2142.9230784545,33.003070371449,4024.021105774
6142.7101053823,2143.2772708343,33.003070371449,4019.4489671131
6175.7131757538,2130.870236111,33.003070371449,4004.3278260428
6208.7162461252,2129.9380877519,33.003070371449,3997.4960838217
6241.7193164967,2119.0409375808,33.003070371449,3984.139875683
6273.0722333496,2119.1080594042,31.352916852877,3979.1025541763
6304.4251502024,2108.1825743126,31.352916852877,3966.8718269982
6335.7780670553,2108.878111117,31.352916852877,3962.7356760025
6368.6986297508,2099.1631857298,32.920562695521,3951.4625371307
6401.6191924464,2100.9941246656,32.920562695521,3947.9010285498
6434.5397551419,2090.5047343969,32.920562695521,3936.6387599641
6467.4603178374,2092.3294593148,32.920562695521,3933.6354544358
6502.0269086677,2082.4866539505,34.566590830297,3922.1237517646
6536.593499498,2083.1905348925,34.566590830297,3918.3359991157
6571.1600903283,2073.9408616506,34.566590830297,3907.7641430126
6607.4550107001,2076.1740346495,36.294920371812,3904.8523222446
6641.9351850533,2067.2911771248,34.480174353221,3894.6119015313
6676.4153594066,2070.5463364686,34.480174353221,3892.6856725275
6712.6195424774,2061.4871050201,36.204183070882,3882.0436182801
6748.8237255483,2063.471774136,36.204183070882,3879.5680260379
6786.8381177727,2055.3357304086,38.014392224426,3869.5202605363
6826.7532296084,2057.813538784,39.915111835648,3866.6900967698
6866.668341444,2049.2045872582,39.915111835648,3856.2233958892
6906.5834532797,2050.5848272088,39.915111835648,3852.9771389119
6948.4943207071,2040.5577993776,41.91086742743,3841.430738415
6990.4051881345,2041.3839758209,41.91086742743,3837.9973848193
7032.316055562,2033.4998014625,41.91086742743,3827.8976531195
7074.2269229894,2034.6384894616,41.91086742743,3824.2381933226
7116.1377904168,2026.4514614371,41.91086742743,3814.1451006101
7160.1442012156,2027.6812179024,44.006410798802,3810.0505492324
7195.9876978513,2017.7194191396,35.843496635691,3798.6766264483
7230.0390196552,2016.7373514258,34.051321803907,3794.6518989553
7264.0903414591,2007.5257507121,34.051321803907,3784.9878231815
7299.8442293532,2008.9447684266,35.753887894102,3782.06934436
7335.5981172473,2000.0717926666,35.753887894102,3772.4838428221
7371.3520051415,2001.9884575382,35.753887894102,3770.2614794601
7407.1058930356,1994.483861981,35.753887894102,3761.4148939228
7444.6474753244,1996.4645612893,37.541582288807,3758.5198638843
7484.0661367276,1988.1466861096,39.418661403248,3748.2317659929
7523.4847981309,1986.4547261373,39.418661403248,3739.974182969
7562.9034595341,1976.0305990495,39.418661403248,3726.999610273
7602.3221209374,1975.6175603309,39.418661403248,3721.3252052865
7641.7407823406,1965.8032577143,39.418661403248,3709.5476207504
7681.1594437438,1966.6522905711,39.418661403248,3705.1682968862
7720.5781051471,1958.8209740849,39.418661403248,3695.0014137845
7761.9676996205,1959.1029508845,41.38959447341,3690.2060971485
7803.3572940939,1951.2421909996,41.38959447341,3680.2289446506
7844.7468885673,1953.3193355731,41.38959447341,3676.7659135656
7888.2059627644,1945.7412392084,43.45907419708,3666.8688823484
7933.8379906713,1946.0583866921,45.632027906934,3662.2501493774
7975.0208958573,1938.2670857081,41.182905186008,3652.706986094
8016.2038010434,1937.9865444069,41.182905186008,3648.2621582255
8053.3713729737,1929.2044584135,37.167571930373,3638.6594730369
8088.6805663076,1930.0461534309,35.309193333854,3635.683087309
8123.9897596414,1922.3104176363,35.309193333854,3627.176589661
8159.2989529753,1923.3317933362,35.309193333854,3624.6345083893
8194.6081463091,1916.1314620178,35.309193333854,3616.5455789032
8231.6827993097,1916.2519750327,37.074653000547,3613.4616182705
8268.7574523102,1909.1451204931,37.074653000547,3605.5731702157
8305.8321053108,1910.6932288159,37.074653000547,3603.2211838206
8342.9067583113,1903.1426096378,37.074653000547,3595.0800861562
8379.9814113119,1905.9029828479,37.074653000547,3593.8632200538
8418.9097969625,1899.5598123404,38.928385650574,3586.052642596
8459.7846018956,1900.9212436444,40.874804933103,3583.8332093425
8500.6594068287,1894.3366817062,40.874804933103,3576.1002537364
8543.5779520084,1896.7057468287,42.918545179758,3574.4761373703
8588.6424244472,1891.1312697476,45.064472438746,3567.0166372468
8635.9601205078,1892.5454543481,47.317696060683,3564.6552831911
8685.6437013716,1885.6943695782,49.683580863717,3556.173430077
8735.3272822353,1885.7794308631,49.683580863717,3553.1861737335
8785.010863099,1879.7730572488,49.683580863717,3545.3388640035
8837.1786230059,1879.1236368821,52.167759906903,3541.4921837425
8884.2600263219,1871.4805447735,47.08140331598,3533.1056997045
8931.3414296379,1870.4311025367,47.08140331598,3529.6994291075
8978.4228329538,1863.6984514204,47.08140331598,3521.9932019773
9025.5042362698,1864.3338185109,47.08140331598,3519.8093118006
9074.9397097516,1858.8453469297,49.435473481779,3512.5157246157
9124.2515945497,1859.5340961957,49.311884798074,3510.1767082232
9173.5634793477,1853.0029775103,49.311884798074,3502.6938942101
9222.8753641458,1854.1089764521,49.311884798074,3500.8088156143
9272.0639692319,1847.8558641513,49.188605086079,3493.3784680714
9321.252574318,1847.7181106796,49.188605086079,3490.6523467883
9370.4411794041,1840.4779430938,49.188605086079,3482.8212266194
9422.0892147444,1841.661450597,51.648035340383,3480.732118595
9473.7372500848,1835.0362425033,51.648035340383,3473.2637425025
9527.9676871922,1836.450445979,54.230437107402,3471.7545547658
9582.1981242996,1831.3315941143,54.230437107402,3464.8947954296
9639.1400832624,1833.3540895267,56.941958962773,3463.4261625851
9698.9291401733,1827.6982627027,59.789056910911,3456.0309852899
9761.7076499298,1828.886712482,62.778509756457,3453.8619586405
9821.3472341984,1821.3102222833,59.639584268634,3445.2042845146
9878.0048392536,1821.3912362163,56.657605055202,3442.9649748991
9934.6624443088,1814.4532419045,56.657605055202,3434.830522653
9991.320049364,1815.258422243,56.657605055202,3432.9938384381
10050.810534672,1809.7365926211,59.490485307962,3426.0227168992
10110.30101998,1811.6737193766,59.490485307962,3424.5902173402
10169.791505288,1805.922051596,59.490485307962,3417.6342965214
10229.281990596,1806.0405182077,59.490485307962,3415.0894151432
10288.772475904,1800.425122807,59.490485307962,3408.3043468821
10348.262961212,1801.3938799085,59.490485307962,3406.4241468801
10407.75344652,1795.5323055096,59.490485307962,3399.3292462951
10467.243931828,1796.5952922204,59.490485307962,3397.7014352182
10526.734417136,1791.7525842024,59.490485307962,3391.4243256706
10589.199426709,1791.4235101306,62.46500957336,3388.7112031618
10651.664436282,1786.0562051728,62.46500957336,3382.2231108269
10717.252696334,1786.7514337692,65.588260052028,3380.1472140444
10786.120369389,1780.3027108062,68.86767305463,3372.4099115476
10854.988042444,1778.5880639652,68.86767305463,3369.0942929085
10923.855715498,1772.4541718376,68.86767305463,3361.8907674328
10992.723388553,1773.2822344162,68.86767305463,3359.8203202448
11065.03444526,1769.1072535437,72.311056707361,3353.6648735719
11140.961054803,1770.1457495625,75.926609542729,3351.6612305542
11220.683994823,1765.4194557694,79.722940019866,3345.000018625
11304.393081844,1766.8613363983,83.709087020859,3342.9269388695
11392.287623216,1761.5062484282,87.894541371902,3335.5805467933
11467.457809168,1762.3152769994,75.170185952713,3333.3546907181
11542.627995121,1754.7817142736,75.170185952713,3325.1749451196
11617.798181074,1754.0666160046,75.170185952713,3322.4443157313
11692.968367027,1749.355404024,75.170185952713,3316.3938024798
11757.256282612,1751.1418378658,64.287915585754,3315.3092881083
11821.544198198,1745.7679286685,64.287915585754,3309.1105244846
11885.832113784,1746.7040423001,64.287915585754,3307.7705633754
11950.12002937,1742.466941772,64.287915585754,3302.3757302053
12017.622340735,1744.2032021038,67.502311365042,3301.4233736101
12088.499767668,1739.782522732,70.877426933294,3295.7408288004
12162.921065948,1741.3145053977,74.421298279959,3294.5416342699
12241.063429142,1737.0910565842,78.142363193957,3288.8557353698
12323.112910495,1738.3353825382,82.049481353654,3287.1890298861
12409.264865917,1734.1780459583,86.151955421337,3281.2219818706
12495.20144145,1734.8631185845,85.936575532784,3279.1989294674
12568.881312897,1729.1273155689,73.67987144742,3272.735655462
12638.877190772,1730.4460864721,69.995877875049,3271.5614868878
12705.207034543,1726.3790614993,66.329843771344,3266.2462105562
12771.536878315,1727.779179998,66.329843771344,3265.0465823895
12837.866722086,1721.6749071746,66.329843771344,3258.7494884001
12904.196565857,1721.5167142358,66.329843771344,3256.6547526449
12970.526409629,1714.7842595508,66.329843771344,3250.0065190241
13036.8562534,1716.487929093,66.329843771344,3249.1782898777
13106.50258936,1711.741178954,69.646335959911,3243.5820841312
13179.631242118,1713.5814602003,73.128652757906,3242.7925936894
13256.416327514,1708.0249982932,76.785085395802,3236.3264430854
13337.040667179,1709.8433572699,80.624339665592,3235.3469253597
13421.696223828,1703.116731334,84.655556648871,3227.9102839043
13502.119002645,1704.7743784674,80.422778816428,3226.9064737247
13586.562920402,1699.3111182644,84.443917757249,3220.2089736851
13675.229034047,1700.6447720304,88.666113645112,3218.9509843965
13763.895147692,1694.8318446025,88.666113645112,3212.1319278046
13856.994567019,1696.7322022113,93.099419327367,3211.0859223329
13950.093986347,1691.4826976027,93.099419327367,3204.3102134722
14047.848376641,1693.2410369161,97.754390293736,3202.9279981172
14127.270884595,1688.297865554,79.422507954539,3196.6211164497
14202.722267152,1688.8253605067,75.451382556812,3194.9364914725
14274.401080581,1682.789334874,71.678813428972,3188.4909407136
14346.07989401,1685.0997076252,71.678813428972,3188.4106882981
14421.34264811,1679.4169998724,75.26275410042,3182.0499805662
14500.368539916,1682.0165104743,79.025891805441,3181.8363416259
14583.345726311,1675.9940314628,82.977186395713,3175.2033832261
14662.174053387,1678.327070544,78.828327075928,3174.7737694886
14741.002380463,1671.9339090986,78.828327075928,3168.105321144
14819.830707539,1673.6302347493,78.828327075928,3167.3406399445
14902.600450969,1667.9586679675,82.769743429724,3160.7543536469
14981.231707227,1669.1344861643,78.631256258238,3159.5940987419
15059.862963485,1663.0028417773,78.631256258238,3153.0184506878
15134.562656931,1664.8882425268,74.699693445326,3152.3865694499
15212.997335048,1660.5819233044,78.434678117592,3147.1011452107
15295.353747072,1662.7276551166,82.356412023472,3146.3166507725
15381.827979696,1658.2279445415,86.474232624645,3140.8004629812
15472.625923952,1660.0657412714,90.797944255878,3139.6838022901
15567.963765421,1655.1721806895,95.337841468671,3133.7253859633
15663.30160689,1656.419506086,95.337841468671,3132.2341499084
15758.639448358,1652.0132034475,95.337841468671,3126.5643008665
15844.466744279,1653.323303811,85.827295920662,3125.1461307991
15904.403146043,1647.7841011517,59.936401764273,3119.4923945348
15961.342727719,1648.2580200156,56.93958167606,3118.5780863404
16018.282309395,1643.7595810564,56.93958167606,3113.8283419705
16078.068870155,1644.0968097956,59.786560759863,3112.7925657458
16137.855430915,1639.3431968456,59.786560759863,3107.8450634649
16200.631319713,1639.9654589041,62.775888797856,3106.5299118255
16263.407208511,1634.637999981,62.775888797856,3101.2347321688
16329.321891749,1636.1259308549,65.914683237749,3100.7060540807
16398.532309148,1631.9893125372,69.210417399636,3095.8290456261
16471.203247418,1633.8114611939,72.670938269618,3095.2820671571
16547.507732601,1629.029440437,76.304485183099,3089.7774600747
16623.812217784,1630.3354540306,76.304485183099,3089.001343284
16703.931927226,1626.5593797981,80.119709442254,3084.0290662619
16788.057622141,1628.0341162056,84.125694914366,3082.9856387516
16876.389601801,1624.0774843815,88.331979660085,3077.693200328
16951.933898784,1623.1427509837,75.544296983413,3075.3531149373
17027.478195768,1618.233288663,75.544296983413,3070.0852877994
17103.022492751,1619.1808106489,75.544296983413,3068.9646719498
17182.344004584,1614.7022279543,79.321511832583,3063.5692817861
17257.699440824,1614.889937171,75.355436240954,3062.1415115453
17333.054877065,1610.7757430189,75.355436240954,3057.2605079359
17408.410313306,1611.7135214884,75.355436240954,3056.1658174622
17487.533521359,1608.1653609864,79.123208053002,3051.5207545
17570.612889815,1609.2918790114,83.079368455652,3050.3434278448
17657.846226693,1605.4361643974,87.233336878434,3045.3982868383
17740.717896728,1606.3124461218,82.871670034513,3044.1067902825
17823.589566763,1600.9082678103,82.871670034513,3038.0846634065
17906.461236797,1601.7405527352,82.871670034513,3036.9520642525
17989.332906832,1596.9492401303,82.871670034513,3031.3738928114
18072.204576866,1597.9003208732,82.871670034513,3030.3276270734
18159.219830402,1594.450501933,87.015253536238,3025.4839431022
18250.585846615,1595.0214023673,91.36601621305,3024.1298411192
18341.951862828,1591.6134626545,91.36601621305,3019.1142256868
18437.886179852,1592.1496043015,95.934317023703,3017.6290915681
18533.820496876,1587.8334639474,95.934317023703,3011.9472993658
18629.7548139,1588.1468664988,95.934317023703,3010.3974773814
18725.689130923,1584.1358845481,95.934317023703,3005.0100989853
18821.383612154,1584.2258151512,95.694481231143,3003.4162895739
18917.078093386,1579.0634402397,95.694481231143,2997.3673126182
19012.772574617,1579.847537727,95.694481231143,2996.1302132032
19113.251779909,1576.2282905601,100.4792052927,2990.9158778636
19203.707556479,1576.1995012564,90.455776569721,2989.3621699017
19294.163333049,1572.032898,90.455776569721,2984.2980106155
19384.619109619,1572.3243768813,90.455776569721,2982.9382956863
19479.597675017,1569.2711142977,94.978565398207,2978.3930460318
19579.325168685,1569.6911315422,99.727493668117,2976.836853185
19679.052662353,1566.8790940704,99.727493668117,2972.2949500077
19773.55692854,1565.6092571601,94.504266187249,2969.7886404779
19868.061194727,1560.2714018629,94.504266187249,2963.9651383236
19962.565460915,1558.328919588,94.504266187249,2960.9843638079
20052.344513793,1555.4714507018,89.779052877887,2956.9680136817
20146.612519314,1556.5264458733,94.268005521781,2955.7240205091
20245.593925112,1554.2820017996,98.98140579787,2951.7894938279
20349.5244012,1554.1681118649,103.93047608776,2949.8598110732
20453.454877288,1550.9482116827,103.93047608776,2945.3486024802
20557.385353376,1550.6802113203,103.93047608776,2943.514620846
20661.315829463,1547.6050972798,103.93047608776,2938.9071366324
20765.246305551,1546.7117692942,103.93047608776,2936.5683408053
20869.176781639,1543.5771918134,103.93047608776,2932.2894015694
20973.107257727,1543.6344143482,103.93047608776,2930.4879104198
21082.234257619,1540.7356654595,109.12699989215,2926.0392678078
21191.361257511,1539.7456417985,109.12699989215,2923.6670055828
21300.488257403,1534.2200421449,109.12699989215,2917.5242499675
21409.615257295,1533.4697573677,109.12699989215,2915.2769144415
21518.742257187,1531.1279356626,109.12699989215,2911.2377352658
21633.325607074,1532.0436145313,114.58334988676,2909.8054211028
21747.908956961,1529.7214177239,114.58334988676,2905.7846557217
21868.221474342,1530.6079490625,120.3125173811,2904.3856769516
21994.549617592,1527.6542151195,126.32814325015,2899.8407880605
22120.877760842,1527.5031434956,126.32814325015,2897.8820279472
22247.205904092,1524.8567218447,126.32814325015,2893.4485856706
22373.534047343,1524.764224296,126.32814325015,2891.2013126634
22499.862190593,1520.6218260797,126.32814325015,2886.075102375
22626.190333843,1520.237898083,126.32814325015,2883.6656772183
22746.202069931,1515.7234490291,120.01173608764,2878.3503364005
22860.213219214,1511.8112884768,114.01114928326,2873.9291071141
22974.224368497,1509.3432927864,114.01114928326,2870.0404458827
23093.936075244,1509.5134968145,119.71170674743,2868.0252125873
23219.633367329,1506.7681988427,125.6972920848,2863.7951580818
23345.330659414,1506.8712543557,125.6972920848,2861.7188017576
23477.312816103,1504.7370978481,131.98215668904,2857.7342769872
23596.426712515,1504.9146434708,119.11389641186,2855.8083389107
23715.540608927,1500.7283628162,119.11389641186,2850.7582401473
23834.654505339,1499.9336141514,119.11389641186,2848.4290561658
23953.768401751,1497.0752161407,119.11389641186,2844.486510218
24072.882298162,1497.0390981892,119.11389641186,2842.610716403
24191.996194574,1494.3300043961,119.11389641186,2838.8454182151
24311.110090986,1494.6220379792,119.11389641186,2837.2051593816
24436.179682219,1492.467125758,125.06959123245,2833.6187815831
24567.502753013,1492.8892982981,131.32307079407,2831.7586349071
24698.825823807,1489.869847275,131.32307079407,2827.6189399072
24811.418941629,1489.3627198749,112.59311782207,2825.3858182785
24924.012059451,1485.6460068381,112.59311782207,2821.1470633582
25036.605177273,1485.6974428454,112.59311782207,2819.2092872294
25149.198295095,1481.4469836993,112.59311782207,2814.1194701788
25261.791412917,1481.4271384575,112.59311782207,2812.2490441807
25380.01418663,1479.0479206884,118.22277371317,2808.5768330548
25504.148099029,1478.928687659,124.13391239883,2806.7091359625
25628.282011428,1476.4790201335,124.13391239883,2802.9107889305
25758.622619447,1474.2867675083,130.34060801877,2799.8884276818
25882.446197064,1469.3605387524,123.82357761783,2794.6507998561
25983.301274932,1467.4800648108,100.85507786708,2791.7913313171
26079.113598905,1463.0448141962,95.81232397373,2787.2791995414
26174.925922879,1462.5287624412,95.81232397373,2785.6213549503
26270.738246853,1460.6061463124,95.81232397373,2782.5205479505
26371.341187025,1461.2740399688,100.60294017242,2781.4245155693
26476.974274206,1459.646984195,105.63308718104,2778.4023735546
26582.607361387,1459.9592208738,105.63308718104,2777.0514177382
26693.522102927,1457.5326597575,110.91474154009,2773.4373108417
26798.89110739,1456.748349159,105.36900446308,2771.6868232865
26904.260111853,1454.2791780428,105.36900446308,2768.3072415333
27014.89756654,1453.7244235333,110.63745468624,2766.5096521148
27125.535021226,1451.118140484,110.63745468624,2763.1522718227
27236.172475912,1451.0894858801,110.63745468624,2761.6113136657
27352.341803333,1449.2738627214,116.16932742055,2758.5254322742
27468.511130753,1449.1875628386,116.16932742055,2756.9235036795
27584.680458174,1447.392052287,116.16932742055,2753.9871935878
27706.658251965,1447.3682194132,121.97779379158,2752.1934434693
27828.636045757,1445.7029638673,121.97779379158,2749.1917546065
27956.712729238,1445.9099110705,128.07668348116,2747.7506392148
28084.789412719,1443.6013597594,128.07668348116,2744.2953610521
28219.269930375,1442.4705125808,134.48051765521,2741.9753802347
28353.75044803,1440.054265308,134.48051765521,2738.3537093892
28494.954991568,1439.0382819728,141.20454353798,2735.7163296809
28629.099307929,1436.0282766683,134.14431636108,2731.700666995
28750.164553445,1436.002351765,121.06524551587,2729.7865713288
28871.229798961,1430.8349233879,121.06524551587,2724.3884932694
28992.295044476,1429.3745671828,121.06524551587,2721.7271403337
29113.360289992,1426.6335457927,121.06524551587,2718.037354316
29234.425535508,1426.9312661037,121.06524551587,2716.4122576871
29355.490781024,1424.3093198585,121.06524551587,2712.8920809432
29459.029600111,1425.4244682667,103.53881908699,2711.8258805357
29562.568419198,1419.5747539947,103.53881908699,2706.1966193714
29660.930297331,1418.0379035412,98.361878132636,2704.1759157384
29759.292175463,1414.8999823214,98.361878132636,2700.7259694422
29857.654053596,1415.2736469879,98.361878132636,2699.5871960907
29946.203719623,1413.0997519352,88.549666027167,2696.6730795043
30034.75338565,1411.9661757799,88.549666027167,2694.6825038689
30123.303051677,1409.5212517957,88.549666027167,2691.7446678112
30216.280201006,1408.8236380164,92.977149328525,2690.1068479759
30309.257350334,1406.5851353731,92.977149328525,2687.2720614478
30402.234499663,1407.4126002314,92.977149328525,2686.5078298484
30499.860506458,1405.7599499614,97.626006794952,2683.8681038613
30602.367813593,1406.4516892198,102.5073071347,2682.8880032451
30710.000486084,1404.7810098715,107.63267249143,2680.1266133774
30817.633158576,1405.2594580844,107.63267249143,2678.9775872124
30930.647464692,1402.9876398878,113.01430611601,2675.8080162703
31049.312486113,1401.8052563355,118.66502142181,2673.7820387118
31167.977507535,1399.5364277896,118.66502142181,2670.6908466586
31286.642528957,1399.8689635716,118.66502142181,2669.1993148993
31411.24080145,1398.2049002075,124.5982724929,2666.2017478023
31535.839073943,1398.5635448688,124.5982724929,2664.6345364555
31654.207432811,1395.6592283305,118.36835886825,2661.3371794408
31772.575791679,1395.9595117791,118.36835886825,2659.9769950078
31890.944150547,1392.6977084664,118.36835886825,2656.3199229332
32009.312509416,1392.9762764534,118.36835886825,2654.9274317628
32127.680868284,1390.757382511,118.36835886825,2651.778701657
32251.967645096,1391.1567261528,124.28677681166,2650.3527965797
32376.254421907,1388.5172139924,124.28677681166,2647.1694295753
32500.541198719,1388.9176802057,124.28677681166,2645.7617055287
32631.042314371,1385.882884374,130.50111565225,2642.3687400847
32761.543430023,1386.0166611166,130.50111565225,2640.7573495573
32898.569601458,1383.8749893062,137.02617143486,2637.67559078
33042.447081465,1384.2481880428,143.8774800066,2635.8666153398
33193.518435472,1382.2080157332,151.07135400693,2632.6675892607
33344.589789479,1380.7330702995,151.07135400693,2629.6414510302
33495.661143486,1378.6063979785,151.07135400693,2626.588418937
33654.286065193,1379.0622555578,158.62492170728,2624.5452403911
33820.842232986,1376.7533816727,166.55616779264,2621.1110992621
33987.398400778,1376.3128258537,166.55616779264,2618.6088921792
34153.954568571,1372.9109436572,166.55616779264,2614.7744344625
34320.510736364,1373.2368902468,166.55616779264,2612.673051411
34478.739095767,1370.7796518813,158.22835940301,2609.243359235
34636.96745517,1370.8354089111,158.22835940301,2607.0721267858
34795.195814573,1368.1604816,158.22835940301,2603.6441850716
34953.424173976,1368.1700446652,158.22835940301,2601.4439861174
35111.652533379,1365.5344533063,158.22835940301,2598.0316535877
35269.880892782,1365.7887533386,158.22835940301,2595.9425636345
35436.020670155,1363.4864335306,166.13977737316,2592.3884750644
35602.160447528,1363.2220387538,166.13977737316,2590.0727407177
35768.300224901,1360.4204235911,166.13977737316,2586.2661393758
35934.440002274,1359.9482440394,166.13977737316,2584.0171845718
36100.579779647,1356.833368379,166.13977737316,2580.1462570974
36266.719557021,1356.8368211232,166.13977737316,2578.0301670215
36432.859334394,1353.748615679,166.13977737316,2574.057519086
36598.999111767,1352.1388173924,166.13977737316,2571.0416441445
36765.13888914,1349.3871860937,166.13977737316,2567.2594026281
36931.278666513,1349.8922638864,166.13977737316,2565.3686579072
37097.418443886,1347.0168181275,166.13977737316,2561.698847857
37263.55822126,1344.8867250865,166.13977737316,2558.387178485
37429.697998633,1341.6689366133,166.13977737316,2554.6191038832
37595.837776006,1341.4549036405,166.13977737316,2552.2781330776
37761.977553379,1339.1554553351,166.13977737316,2549.0399750208
37928.117330752,1339.305756695,166.13977737316,2546.6804812651
38094.257108125,1335.4821411373,166.13977737316,2542.6252098465
38260.396885498,1335.2996597641,166.13977737316,2540.1889478235
38426.536662872,1332.0061387305,166.13977737316,2536.4597144485
38592.676440245,1332.0595787288,166.13977737316,2534.127206962
38758.816217618,1329.5958004143,166.13977737316,2530.7389610539
38924.955994991,1329.5301586953,166.13977737316,2528.4714321686
39091.095772364,1326.6678794575,166.13977737316,2524.903013041
39257.235549737,1327.5639201468,166.13977737316,2523.142653355
39423.375327111,1324.0531216475,166.13977737316,2519.2761100361
39589.515104484,1324.356827937,166.13977737316,2517.3578607562
39763.961870726,1321.3105606643,174.44676624182,2513.5509891954
39938.408636967,1322.0189185504,174.44676624182,2511.8464602795
40112.855403209,1319.4451570655,174.44676624182,2508.2438128546
40287.302169451,1320.297651477,174.44676624182,2506.6041435222
40453.026597381,1317.322322617,165.72442792973,2502.8948097226
40618.75102531,1318.3248103072,165.72442792973,2501.3780460447
40784.47545324,1315.4713768595,165.72442792973,2497.7072217306
40941.913659773,1315.5960952073,157.43820653324,2495.7432613131
41063.736342823,1312.0822579581,121.82268304961,2492.1435126242
41185.559025873,1310.5678930236,121.82268304961,2489.8544612029
41301.29057477,1307.426368867,115.73154889713,2486.6838525846
41400.267848164,1307.0789369939,98.977273393838,2485.1180466227
41494.296257888,1304.5347464502,94.028409724146,2482.5168707326
41593.026088098,1305.6874240283,98.729830210354,2481.7843841781
41696.692409819,1303.4349566741,103.66632172087,2479.2263915515
41805.542047626,1304.555721915,108.84963780691,2478.2683071305
41919.834167323,1301.8605882986,114.29211969726,2475.418528462
42034.12628702,1301.8408839436,114.29211969726,2473.8635761364
42148.418406718,1299.5449775535,114.29211969726,2471.2979262292
42268.4251324,1300.0806225123,120.00672568212,2469.9715484834
42394.432194366,1297.7120418203,126.00706196623,2467.2149439569
42520.439256332,1297.6926164045,126.00706196623,2465.5016894811
42646.446318299,1295.2971339008,126.00706196623,2462.8655518366
42772.453380265,1295.7862322528,126.00706196623,2461.4391091668
42898.460442231,1293.4676171852,126.00706196623,2458.7426075377
43024.467504197,1293.8073829329,126.00706196623,2457.3109524817
43156.774919262,1291.8665031787,132.30741506454,2454.7787167734
43295.69770508,1292.2698129627,138.92278581777,2453.1975207456
43441.566630188,1290.3877789674,145.86892510866,2450.5787293914
43594.729001552,1290.2926362756,153.16237136409,2448.5262716611
43755.549491485,1288.3767039906,160.82048993229,2445.7033472855
43916.369981417,1288.5521819658,160.82048993229,2443.7027506339
44077.190471349,1286.2996662144,160.82048993229,2440.4642902411
44238.010961281,1285.5948231849,160.82048993229,2438.0034704888
44375.894428837,1283.3486959469,137.8834675557,2435.0312390009
44513.777896393,1281.6019015084,137.8834675557,2432.0579681293
44638.217725862,1277.7005036442,124.43982946902,2428.5719760092
44756.435563857,1276.6562672711,118.21783799557,2426.2827168009
44880.564293753,1275.6582582595,124.12872989535,2424.3216812681
45010.899460143,1275.1573770522,130.33516639011,2422.0168531705
45147.751384853,1273.3844147938,136.85192470962,2419.4596373625
45284.603309562,1272.5541955354,136.85192470962,2417.1124981084
45428.297830507,1270.7815837289,143.6945209451,2414.5308258142
45571.992351452,1270.4457299365,143.6945209451,2412.3854434792
45722.871598445,1268.8499848001,150.87924699236,2409.7630025596
45881.294807787,1268.3807217697,158.42320934197,2407.4091638941
46039.718017129,1266.7639239694,158.42320934197,2404.7040071408
46198.141226471,1266.2061600119,158.42320934197,2402.4797272929
46356.564435813,1264.7495610505,158.42320934197,2399.8466930066
46514.987645155,1264.047900099,158.42320934197,2397.4973658502
46673.410854497,1262.771426153,158.42320934197,2394.9600756416
46831.834063839,1262.5245027374,158.42320934197,2392.8791261094
46990.257273181,1261.1296616166,158.42320934197,2390.3480330476
47156.60164299,1260.3556957316,166.34436980907,2387.6885254352
47314.628794308,1257.5085118865,158.02715131862,2384.2586938078
47464.754588061,1254.636416292,150.12579375269,2380.6380991525
47607.374092126,1252.9730307182,142.61950406505,2378.1380360479
47757.124571394,1251.4928364474,149.75047926831,2375.0664153338
47906.875050663,1250.1800726926,149.75047926831,2372.8288519982
48056.625529931,1248.5125543053,149.75047926831,2369.7167045103
48206.376009199,1246.2094089138,149.75047926831,2366.7467033484
48356.126488467,1245.1344177766,149.75047926831,2364.0950036313
48505.876967736,1244.4660420558,149.75047926831,2361.9449935145
48655.627447004,1243.1637932858,149.75047926831,2359.0902204913
48805.377926272,1242.7571445403,149.75047926831,2357.1482650516
48962.615929504,1241.7010637202,157.23800323172,2354.3669282166
49119.853932736,1241.2215293753,157.23800323172,2352.3634200577
49284.953836129,1239.9035355513,165.09990339331,2349.3306753067
49450.053739522,1238.7564826002,165.09990339331,2346.9104447327
49615.153642916,1236.6556561653,165.09990339331,2343.4684354235
49780.253546309,1235.7972971271,165.09990339331,2341.3306562553
49945.353449702,1233.6524723155,165.09990339331,2337.8617998231
50094.356112515,1232.4882841667,149.00266281246,2335.7336494779
50235.908642187,1229.3617871562,141.55252967184,2331.8871679657
50377.461171859,1230.5341689797,141.55252967184,2331.2424197485
50526.091328014,1227.332073998,148.63015615543,2327.1882862404
50674.721484169,1228.6339137317,148.63015615543,2326.587197001
50830.783148133,1225.3403908964,156.0616639632,2322.2346096588
50986.844812096,1224.9299518042,156.0616639632,2320.5689518807
51142.906476059,1221.3962841912,156.0616639632,2316.155987673
51298.968140022,1222.1163108743,156.0616639632,2315.0148563351
51455.029803985,1219.2885728897,156.0616639632,2310.8654223631
51611.091467949,1219.5553919194,156.0616639632,2309.4848575022
51767.153131912,1216.8869307193,156.0616639632,2305.5809682308
51923.214795875,1216.6196052753,156.0616639632,2304.0454938599
52079.276459838,1213.9470064143,156.0616639632,2300.2484815554
52220.122111565,1213.0749917551,140.84565172679,2298.3819362601
52353.925480705,1210.4415512529,133.80336914045,2294.8051410727
52487.728849846,1211.2762416455,133.80336914045,2293.9748794351
52628.222387443,1208.8733199762,140.49353759747,2290.3676685718
52768.715925041,1209.3946570588,140.49353759747,2289.324507895
52909.209462638,1207.1214941974,140.49353759747,2285.8309194022
53049.703000236,1207.7829142658,140.49353759747,2284.9695759251
53197.221214713,1205.2460128373,147.51821447735,2281.2600724821
53344.73942919,1205.5846280514,147.51821447735,2280.0851787916
53492.257643668,1202.8676026681,147.51821447735,2276.3574057387
53639.775858145,1203.6765711324,147.51821447735,2275.6436697947
53787.294072622,1200.6397125853,147.51821447735,2271.4857160545
53934.8122871,1199.9414288884,147.51821447735,2269.8057942727
54082.330501577,1197.0614166482,147.51821447735,2265.8828464664
54229.848716054,1197.5336228172,147.51821447735,2264.7906714412
54377.366930532,1193.5673204661,147.51821447735,2260.33854683
54524.885145009,1194.0921714108,147.51821447735,2259.1994274339
54672.403359487,1191.7113160483,147.51821447735,2255.4867934547
54819.921573964,1192.3348292274,147.51821447735,2254.3578991956
54960.063877717,1189.7322869429,140.14230375348,2250.6316814165
55100.206181471,1189.9994392435,140.14230375348,2249.5607581589
55240.348485224,1186.9504454274,140.14230375348,2245.6875402118
55380.490788978,1187.1190465795,140.14230375348,2244.6954891213
55520.633092731,1184.8942746606,140.14230375348,2241.0051195603
55647.111521869,1184.0576539844,126.47842913751,2239.3650964823
55773.589951006,1181.4844847157,126.47842913751,2235.8448855134
55900.068380144,1182.0917827439,126.47842913751,2235.1270613079
56026.546809281,1180.178971655,126.47842913751,2231.8650643583
56153.025238419,1180.8835508037,126.47842913751,2231.1595287702
56279.503667556,1178.6573624383,126.47842913751,2227.8325088027
56405.982096694,1178.581352948,126.47842913751,2226.7356708342
56538.784447288,1176.3184702904,132.80235059439,2223.2802658316
56671.586797883,1175.2171455918,132.80235059439,2221.4785655822
56804.389148477,1173.3886072727,132.80235059439,2218.260771545
56937.191499071,1173.8437149093,132.80235059439,2217.3181863349
57076.633967195,1171.1283744326,139.44246812411,2213.6801068828
57216.07643532,1171.3843174306,139.44246812411,2212.5700615313
57362.49102685,1168.4702176566,146.41459153031,2208.6901593711
57494.630195706,1168.1937340521,132.13916885611,2207.430762192
57620.162406119,1165.0230927039,125.5322104133,2203.6826399628
57745.694616533,1166.0146844477,125.5322104133,2203.1175854574
57877.503437467,1163.5160823319,131.80882093397,2199.5489724027
58015.902699447,1164.3317401743,138.39926198067,2198.7714075968
58161.221924527,1161.6981882151,145.3192250797,2194.9009707431
58306.541149607,1162.4558653,145.3192250797,2194.0813974204
58459.12633594,1158.97590552,152.58518633369,2189.7399456143
58611.711522274,1159.1374982939,152.58518633369,2188.6334178164
58764.296708608,1155.26965116,152.58518633369,2184.0115462789
58909.252635625,1152.7905941354,144.955927017,2181.1433451808
59046.960766291,1149.2714470332,137.70813066615,2177.0098449091
59184.668896957,1150.2070985796,137.70813066615,2176.2334931358
59315.49162109,1147.7541503485,130.82272413284,2172.6757196379
59446.314345223,1148.6334378918,130.82272413284,2172.007971092
59577.137069356,1146.4759611499,130.82272413284,2168.7264903739
59707.959793488,1147.426586782,130.82272413284,2168.1200197063
59838.782517621,1144.9219514713,130.82272413284,2164.6573548734
59969.605241754,1146.5146577822,130.82272413284,2164.4537022636
60100.427965887,1143.6924838855,130.82272413284,2160.79428614
60231.25069002,1145.1900324017,130.82272413284,2160.5269217576
60362.073414153,1142.3159221594,130.82272413284,2156.864133637
60463.301544278,1142.2405638008,101.22813012582,2155.9788231182
60564.529674404,1139.0878573498,101.22813012582,2152.611308588
60670.819211036,1140.5803754815,106.28953663211,2152.6261769115
60777.108747668,1137.4277779111,106.28953663211,2149.0848242417
60883.398284301,1138.8339812521,106.28953663211,2149.0891288805
60984.373344101,1136.361748525,100.9750598005,2146.0240194501
61085.348403902,1137.1596237685,100.9750598005,2145.6684886784
61186.323463702,1134.8169322435,100.9750598005,2142.7528004165
61287.298523503,1135.9540745091,100.9750598005,2142.6322178993
61393.322336293,1133.5442033668,106.02381279053,2139.6198383942
61499.346149084,1134.4196323035,106.02381279053,2139.2820650067
61605.369961874,1131.6499567576,106.02381279053,2136.1537742977
61716.694965304,1132.5759653617,111.32500343005,2135.7559568837
61828.019968734,1130.0386122541,111.32500343005,2132.5454554866
61939.344972164,1129.9932407919,111.32500343005,2131.619559361
62050.669975594,1126.9812640219,111.32500343005,2128.16111246
62167.561229196,1128.0376477846,116.89125360156,2127.7454857827
62284.452482797,1124.8148088378,116.89125360156,2124.1431772499
62401.343736399,1125.3169905014,116.89125360156,2123.6016712714
62524.079552681,1122.518006356,122.73581628163,2120.1226401362
62652.952159776,1123.2155160085,128.87260709571,2119.4928061286
62781.824766872,1120.160451709,128.87260709571,2115.8549488175
62910.697373968,1120.1772429015,128.87260709571,2114.9109574644
63039.569981063,1116.2696734928,128.87260709571,2110.6920521238
63168.442588159,1116.6382784375,128.87260709571,2110.0265677817
63297.315195255,1114.7704124738,128.87260709571,2106.8059829847
63432.631432705,1114.5348478541,135.3162374505,2105.5842762951
63561.181858283,1111.3081375671,128.55042557798,2101.6967929672
63689.732283861,1111.0615785359,128.55042557798,2100.6479400307
63818.282709439,1109.6258335385,128.55042557798,2097.9374043191
63953.260656296,1109.4814962332,134.97794685687,2096.6426551502
64088.238603153,1107.9816687251,134.97794685687,2093.9205635689
64223.21655001,1108.2444603952,134.97794685687,2092.8208992314
64358.194496867,1106.5238777557,134.97794685687,2089.9808647336
64493.172443724,1106.3200895306,134.97794685687,2088.6389999904
64628.150390581,1104.1215701395,134.97794685687,2085.513713189
64763.128337437,1104.4946330309,134.97794685687,2084.5301947366
64904.855181637,1102.2692233028,141.72684419972,2081.3951603521
65046.582025837,1102.7469984082,141.72684419972,2080.2959917909
65174.170731535,1100.6818222399,127.58870569802,2077.4702825303
65301.759437233,1099.785656317,127.58870569802,2075.6651472761
65429.348142931,1097.9801409539,127.58870569802,2073.14531397
65556.936848629,1098.4004102271,127.58870569802,2071.9660900339
65684.525554327,1096.6839308315,127.58870569802,2069.4172458735
65805.73482474,1097.3814422732,121.20927041312,2068.649622449
65926.944095153,1095.2674348639,121.20927041312,2065.9707783837
66048.153365566,1095.8203502049,121.20927041312,2065.0751911089
66169.362635979,1093.3440803424,121.20927041312,2062.3132062927
66290.571906393,1094.383244881,121.20927041312,2061.7431817641
66405.720713285,1092.2033986914,115.14880689246,2059.1049238646
66515.112079833,1093.0995542081,109.39136654784,2058.4823354422
66619.033878053,1091.1356587613,103.92179822045,2056.1745585746
66722.955676274,1092.2148221641,103.92179822045,2055.6355030167
66826.877474494,1090.1319159026,103.92179822045,2053.2838938996
66925.603182804,1091.2003098437,98.725708309425,2052.7222684126
67024.328891113,1088.9076522728,98.725708309425,2050.49441295
67123.054599423,1087.681624978,98.725708309425,2048.5611572639
67216.844022316,1085.8929786907,93.789422893954,2046.6949930046
67310.63344521,1085.4102031767,93.789422893954,2045.0980655627
67399.73339696,1085.1050565917,89.099951749256,2044.0331663256
67488.833348709,1084.2821116466,89.099951749256,2042.3239399025
67577.933300458,1084.0710062309,89.099951749256,2041.3619942302
67667.033252207,1081.5110695333,89.099951749256,2038.56711943
67756.133203957,1080.2862803471,89.099951749256,2036.8864946373
67845.233155706,1078.1077943344,89.099951749256,2034.6446428166
67934.333107455,1076.6961101175,89.099951749256,2032.7416874468
68023.433059205,1076.5417948958,89.099951749256,2031.6010263109
68112.533010954,1075.3753188969,89.099951749256,2029.816077242
68201.632962703,1075.5315364621,89.099951749256,2028.9520456157
68295.18791204,1074.3284327411,93.554949336719,2027.0553138782
68388.742861376,1074.4299485025,93.554949336719,2026.0757499413
68486.97555818,1072.9482801764,98.232696803555,2024.0809951454
68585.208254984,1073.1592834274,98.232696803555,2023.1334830251
68688.352586627,1070.960560859,103.14433164373,2020.7345173537
68786.339701689,1070.7525202112,97.987115061546,2019.5909799113
68889.226172503,1068.8476148254,102.88647081462,2017.1874306583
68997.256966859,1069.6012119766,108.03079435535,2016.5688483067
69110.689300932,1067.593862323,113.43233407312,2013.9362307771
69229.793251709,1068.3230421836,119.10395077678,2013.1814055823
69354.852400024,1066.598062828,125.05914831562,2010.6151529166
69486.164505756,1067.019159176,131.3121057314,2009.553416513
69624.042216774,1065.1870476838,137.87771101797,2006.8056438515
69768.813813343,1064.5857110283,144.77159656887,2005.2396205774
69913.585409911,1062.0744815615,144.77159656887,2001.8929592567
70065.595586309,1061.918580915,152.01017639731,2000.2597827664
70217.605762706,1057.7185916436,152.01017639731,1995.7164587211
70369.615939103,1057.3242395773,152.01017639731,1994.0736215109
70521.626115501,1055.6566262031,152.01017639731,1991.2078412711
70673.636291898,1055.4138690887,152.01017639731,1989.5929705054
70825.646468295,1051.6644520925,152.01017639731,1985.4010557266
70977.656644693,1052.1996579091,152.01017639731,1984.2406922236
71129.66682109,1050.3560056347,152.01017639731,1981.1863485471
71289.277506307,1050.6375293191,159.61068521718,1979.7869719892
71448.888191524,1047.9063174873,159.61068521718,1976.3147061739
71616.479411002,1047.3743239862,167.59121947803,1974.4329101667
71784.07063048,1044.7011625211,167.59121947803,1970.767633223
71951.661849958,1044.9285211299,167.59121947803,1969.4078299798
72119.253069436,1042.9116098494,167.59121947803,1966.0112629785
72286.844288914,1043.1936051798,167.59121947803,1964.7793848152
72454.435508393,1039.1451031962,167.59121947803,1960.3193393276
72622.026727871,1039.4516567271,167.59121947803,1959.1350232248
72789.617947349,1037.0401890149,167.59121947803,1955.5417191506
72957.209166827,1037.266366675,167.59121947803,1954.0820751856
73124.800386305,1033.7637950948,167.59121947803,1949.9440542999
73292.391605783,1033.8918702938,167.59121947803,1948.5411505206
73443.642681362,1029.1952938226,151.25107557893,1943.6044341609
73587.331203162,1026.669397003,143.68852179998,1940.8725443334
73723.835298872,1024.5552252915,136.50409570998,1937.7327329164
73860.339394582,1024.9033573946,136.50409570998,1936.6282939813
73990.018285506,1023.6680623072,129.67889092448,1934.0934221872
74101.201724612,1024.2791956157,111.18343910638,1933.4486139722
74206.825991763,1022.5682686459,105.62426715106,1930.81954217
74317.731472272,1023.5479059821,110.90548050861,1930.6419221291
74423.091678755,1021.4761962618,105.36020648318,1927.7684346235
74523.183874914,1022.2986511116,100.09219615902,1927.4959077527
74618.271461265,1019.9872675261,95.087586351071,1924.5687510534
74713.359047616,1020.7407028281,95.087586351071,1924.4452434066
74808.446633968,1018.1473592167,95.087586351071,1921.4344572261
74903.534220319,1017.9470527243,95.087586351071,1920.7402946401
74998.62180667,1015.7521864282,95.087586351071,1918.1519891708
75093.709393021,1016.3891511797,95.087586351071,1917.7828239272
75188.796979372,1014.2339709393,95.087586351071,1915.1463083209
75283.884565723,1015.2171757363,95.087586351071,1915.1263023725
75378.972152074,1012.9158424988,95.087586351071,1912.4007602103
75469.305359107,1013.9596800668,90.333207033517,1912.3659791266
75559.638566141,1012.0135747894,90.333207033517,1909.900563956
75649.971773175,1011.7446358236,90.333207033517,1909.0853258723
75735.788319856,1010.1927127565,85.816546681841,1907.2019549518
75825.895693872,1010.0756120581,90.107374015933,1906.4113997805
75916.003067888,1008.8489091532,90.107374015933,1904.5159607766
76005.885173469,1008.5954355474,89.882105580893,1903.6804609703
76095.76727905,1006.3645190421,89.882105580893,1901.2194508332
76185.649384631,1005.8541731098,89.882105580893,1900.2360566413
76280.025595491,1005.1282235643,94.376210859938,1898.5383272994
76374.401806351,1004.4250474816,94.376210859938,1897.4185256768
76473.496827754,1003.9572191462,99.095021402935,1895.7828281548
76577.546600227,1003.2964535482,104.04977247308,1894.7119915061
76686.798861324,1002.7673863879,109.25226109674,1892.9001247141
76801.513735475,1001.8464184938,114.71487415157,1891.7252871657
76921.964353334,1001.124567061,120.45061785915,1889.7312700774
77048.437502086,1000.4591345302,126.47314875211,1888.4438195701
77181.234308276,997.91990362584,132.79680618971,1885.3234566726
77307.391274156,996.48615093339,126.15696588023,1883.7275772215
77433.548240037,995.76342094811,126.15696588023,1881.5914298967
77553.397357623,995.00730494953,119.84911758622,1880.3430157327
77673.246475209,994.24801561457,119.84911758622,1878.2902485157
77770.86433054,992.36826131833,97.617855330959,1876.3600419844
77863.601293104,990.86334570139,92.736962564411,1874.1741241879
77956.338255669,990.83536791826,92.736962564411,1873.6624316138
78053.712066361,990.17876252891,97.373810692631,1871.79892133
78151.085877054,989.80340755972,97.373810692631,1871.1695662342
78253.328378281,989.25287320486,102.24250122726,1869.3395027598
78355.570879509,989.07739782281,102.24250122726,1868.7510012719
78457.813380736,987.67631057509,102.24250122726,1866.4893273074
78560.055881963,987.75968881887,102.24250122726,1866.1686516302
78667.410508252,986.56232292824,107.35462628863,1863.9074011071
78774.76513454,986.94197029259,107.35462628863,1863.6214220749
78887.487492143,985.8674667853,112.72235760306,1861.4178817047
79000.209849746,986.13064132089,112.72235760306,1860.9853433166
79112.932207349,984.90613190274,112.72235760306,1858.7888208138
79220.018447072,984.63843742434,107.0862397229,1858.1539031465
79327.104686795,983.45361809872,107.0862397229,1855.9688990135
79434.190926518,983.36895545341,107.0862397229,1855.356822643
79541.277166241,982.34314998615,107.0862397229,1853.325716913
79648.363405964,982.13075638941,107.0862397229,1852.6419729794
79740.176470746,980.29244239744,91.813064782425,1850.1925680732
79827.39888229,979.41440076051,87.222411543304,1849.4338150263
79914.621293833,979.01470776698,87.222411543304,1847.9219595008
80001.843705376,978.48530375892,87.222411543304,1847.1973777458
80093.427237497,977.97919713362,91.583532120469,1845.637164278
80171.948668349,975.6836153199,78.521430851787,1843.6662657221
80246.544027658,974.14723217228,74.595359309198,1841.7494153071
80324.869154932,974.32034795318,78.325127274658,1841.5805327971
80407.110538571,973.52059048028,82.241383638391,1839.8474210601
80493.463991391,973.45914009605,86.35345282031,1839.4064115453
80584.135116852,972.94369878077,90.671125461326,1837.9160546689
80674.806242314,972.76840515103,90.671125461326,1837.3199322648
80770.010924048,971.98554181218,95.204681734392,1835.6169660531
80865.215605783,971.86329737891,95.204681734392,1834.9902873421
80960.420287517,970.88441034844,95.204681734392,1833.1715814507
81055.624969251,970.88190924035,95.204681734392,1832.5982903575
81150.829650986,968.74241054997,95.204681734392,1830.316077504
81246.03433272,968.98163890264,95.204681734392,1829.8847519762
81341.239014455,967.23607009105,95.204681734392,1827.7519551215
81436.443696189,967.63782162801,95.204681734392,1827.3876213579
81531.648377923,965.89753573211,95.204681734392,1825.1467490716
81631.613293744,966.12891866054,99.964915821112,1824.6123816318
81731.578209566,963.19748154974,99.964915821112,1821.6297039947
81831.543125387,963.23081047069,99.964915821112,1821.0704056456
81926.509795417,961.80933038137,94.966670030056,1819.033990081
82026.224798948,962.21267653346,99.715003531559,1818.5900300513
82125.93980248,961.02174073611,99.715003531559,1816.6347438143
82230.640556188,961.39248004859,104.70075370814,1816.1739102383
82335.341309896,959.98921058092,104.70075370814,1814.0362645618
82445.27710129,960.42202610396,109.93579139354,1813.6662173874
82555.212892683,958.61202816632,109.93579139354,1811.299240493
82665.148684077,958.61649504835,109.93579139354,1810.6598857387
82775.08447547,956.73899468695,109.93579139354,1808.2801308475
82885.020266864,956.88203492421,109.93579139354,1807.6769694344
82994.956058257,952.94521387081,109.93579139354,1803.7658097907
83104.891849651,952.67572839523,109.93579139354,1803.0506226598
83214.827641044,950.7980227954,109.93579139354,1800.5509976513
83324.763432438,951.45874896202,109.93579139354,1800.2777621399
83434.699223831,949.20996399912,109.93579139354,1797.4021281396
83544.635015225,948.81536128705,109.93579139354,1796.6164750595
83654.570806619,946.16551674964,109.93579139354,1793.7432643904
83764.506598012,944.72722783467,109.93579139354,1792.0643240471
83868.945599836,941.45142412772,104.43900182387,1788.9804868839
83973.38460166,941.52577240228,104.43900182387,1788.5824036499
84083.045553575,940.19537861081,109.66095191506,1786.3307747318
84192.70650549,940.91189045121,109.66095191506,1786.1481224024
84302.367457405,939.57060193017,109.66095191506,1783.9955174997
84412.02840932,940.05502959398,109.66095191506,1783.7943261028
84521.689361235,938.85854779536,109.66095191506,1781.7848155626
84631.35031315,939.53485433978,109.66095191506,1781.631790997
84741.011265065,938.67756395774,109.66095191506,1779.7917110264
84850.67221698,939.25921744955,109.66095191506,1779.6672569758
84960.333168895,938.06269593255,109.66095191506,1777.6195126961
85069.994120811,938.73478225855,109.66095191506,1777.5695980876
85179.655072726,937.63527992006,109.66095191506,1775.5521149073
85289.316024641,938.1754168961,109.66095191506,1775.5169044347
85398.976976556,936.66139008977,109.66095191506,1773.2941011003
85514.120976067,936.99080108386,115.14399951081,1773.1743254925
85629.264975577,935.21047616418,115.14399951081,1770.6857527571
85744.408975088,935.44816678059,115.14399951081,1770.5802490737
85859.552974599,934.1826735018,115.14399951081,1768.3352777692
85974.69697411,934.49161907547,115.14399951081,1768.1125140603
86089.840973621,933.15653890735,115.14399951081,1765.8056982233
86204.984973131,932.66706865444,115.14399951081,1765.3384826124
86320.128972642,931.21728922559,115.14399951081,1763.0771843199
86441.030172129,931.1766700002,120.90119948635,1762.6822452932
86561.931371615,930.18414303617,120.90119948635,1760.5673630338
86682.832571101,930.06033874538,120.90119948635,1760.2453158255
86803.733770588,929.04528603322,120.90119948635,1758.1115181028
86924.634970074,928.72350799832,120.90119948635,1757.5474619332
87045.53616956,927.65833133791,120.90119948635,1755.533110418
87172.482429021,927.3695254452,126.94625946067,1754.9993118261
87299.428688482,925.96610513418,126.94625946067,1752.3541607397
87426.374947942,925.08819834901,126.94625946067,1751.3645202989
87553.321207403,921.62329693859,126.94625946067,1747.4675180842
87673.920153891,920.77742203097,120.59894648764,1746.5644820899
87794.519100378,919.60829152266,120.59894648764,1744.4708776453
87921.14799419,919.70675507723,126.62889381202,1743.9508460088
88047.776888002,918.2542041214,126.62889381202,1741.8260177945
88174.405781814,918.38765697746,126.62889381202,1741.4426852868
88301.034675626,915.84359217992,126.62889381202,1738.5967299059
88421.332124748,915.73875365037,120.29744912142,1738.2306132731
88541.629573869,914.56757538463,120.29744912142,1736.1511605993
88667.941895447,915.02654086036,126.31232157749,1735.9866202486
88794.254217024,913.80105785179,126.31232157749,1733.804774608
88926.88215468,914.25151223356,132.62793765636,1733.5680818655
89059.510092337,912.89809785736,132.62793765636,1731.3266816919
89192.138029993,912.45511455208,132.62793765636,1730.6059543486
89324.76596765,910.62550889419,132.62793765636,1728.3212618664
89464.025302189,910.87368112154,139.25933453918,1727.8672956852
89603.284636728,909.63095195626,139.25933453918,1725.7188027907
89742.543971267,909.93018879316,139.25933453918,1725.1228042562
89881.803305806,908.02847973709,139.25933453918,1722.7228705668
90021.062640345,907.83460473463,139.25933453918,1721.9945651014
90160.321974885,906.53315177786,139.25933453918,1719.8621221826
90299.581309424,906.69421182176,139.25933453918,1719.2575875032
90438.840643963,904.91464258496,139.25933453918,1717.0420748003
90578.099978502,905.28146782437,139.25933453918,1716.5441083476
90724.322279768,904.32550522688,146.22230126614,1714.6254937965
90870.544581034,904.7771857524,146.22230126614,1714.1326200284
91024.077997364,903.57449018286,153.53341632945,1712.0149248435
91142.879228189,904.11417517765,118.80123082498,1711.6716694374
91261.680459014,901.65760952339,118.80123082498,1709.0178374072
91349.01028039,899.54079018908,87.32982137571,1707.4882886588
91420.140965711,896.2273474943,71.1306853219,1704.5355852465
91491.271651033,895.3434125844,71.1306853219,1703.9596231266
91565.958870621,894.73353795629,74.687219587995,1702.6795035214
91644.380451189,894.79294432669,78.421580567394,1702.5314058762
91726.723110784,894.33494896154,82.342659595764,1701.3801401668
91813.18290336,894.47723992765,86.459792575552,1701.2403082181
91903.965685564,894.00217899476,90.78278220433,1700.0021572126
91999.287606879,894.17543257531,95.321921314546,1699.8511248112
92099.375624259,893.54584909333,100.08801738027,1698.4734777044
92204.468042508,893.78652381202,105.09241824929,1698.3601354274
92314.81508167,892.64750265476,110.34703916175,1696.6471544201
92430.67947279,893.01384370643,115.86439111984,1696.5387814267
92552.337083466,891.92766580756,121.65761067583,1694.7944059607
92680.077574676,892.22319149241,127.74049120962,1694.4622782555
92814.205090446,890.93658085295,134.1275157701,1692.5430790859
92948.332606216,890.09287705439,134.1275157701,1691.5982938217
93082.460121986,887.88323285243,134.1275157701,1689.4573021802
93216.587637756,887.60767480355,134.1275157701,1688.7858569177
93357.421529315,886.84195676793,140.83389155861,1687.2489341183
93505.297115451,886.34614443706,147.87558613654,1686.2439751453
93660.566480894,885.73734008265,155.26936544337,1684.680134743
93823.59931461,884.78687923939,163.03283371554,1683.415513961
93986.224566241,883.68216985023,162.62525163125,1681.3419460731
94148.849817872,880.42968566157,162.62525163125,1678.1522777902
94311.475069504,879.61472189261,162.62525163125,1676.3483923332
94474.100321135,879.34260946657,162.62525163125,1675.4464624836
94636.725572766,876.4434573726,162.62525163125,1672.3437184614
94791.219561816,875.74046172253,154.49398904968,1671.4034676196
94945.713550866,875.27170918454,154.49398904968,1669.8951135785
95107.932239368,875.5452934355,162.21868850217,1669.342336156
95278.261862295,874.96284867924,170.32962292728,1667.7728519577
95448.591485222,875.0006176894,170.32962292728,1667.1424653491
95627.437589296,874.55978949073,178.84610407364,1665.5502658873
95806.28369337,874.11160562702,178.84610407364,1664.6865012558
95985.129797443,873.7901828001,178.84610407364,1662.9869167038
96163.975901517,873.30260457159,178.84610407364,1662.0365105181
96342.822005591,872.22844934099,178.84610407364,1660.243261995
96521.668109664,871.56027447898,178.84610407364,1659.2446922717
96700.514213738,871.60327795651,178.84610407364,1657.9191288469
96879.360317812,871.11160789869,178.84610407364,1657.0377489578
97058.206421885,871.17584000723,178.84610407364,1655.7145769175
97245.994831162,870.53847399034,187.78840927732,1654.7955169414
97433.78324044,870.30076218514,187.78840927732,1653.2523610523
97621.571649717,869.70231380712,187.78840927732,1652.4162317672
97809.360058994,869.17857780095,187.78840927732,1650.6500253251
97997.148468272,868.27715503639,187.78840927732,1649.6577053876
98184.936877549,868.15544941799,187.78840927732,1648.0826400696
98372.725286826,866.55071468276,187.78840927732,1646.2151861845
98560.513696104,866.46722187595,187.78840927732,1644.7470147352
98748.302105381,865.56426284215,187.78840927732,1643.6118711026
98945.479935122,865.76589387557,197.17782974119,1642.1986673424
99142.657764863,865.0377518655,197.17782974119,1641.224067323
99339.835594605,864.49933276663,197.17782974119,1639.5247218311
99537.013424346,863.38171120822,197.17782974119,1638.5694177214
99744.050145574,863.14335562473,207.03672122825,1637.036394331
99951.086866802,862.89341045932,207.03672122825,1636.3114901378
100158.12358803,862.79676648211,207.03672122825,1634.8696539548
100365.16030926,862.5295130253,207.03672122825,1634.2326260358
100561.84519443,862.1821298532,196.68488516684,1632.7496886562
100758.53007959,862.13702327307,196.68488516684,1632.283978257
100955.21496476,861.61305799197,196.68488516684,1630.7286859314
101151.89984993,861.29202053225,196.68488516684,1630.1554140178
101348.58473509,860.15491152975,196.68488516684,1628.2928840377
101545.26962026,860.25272033813,196.68488516684,1627.8543413519
101741.95450543,859.64721891725,196.68488516684,1626.2945626743
101938.63939059,859.13173455306,196.68488516684,1625.3981049026
102135.32427576,858.67746136688,196.68488516684,1623.9134884074
102332.00916093,857.395922285,196.68488516684,1622.1664039761
102528.69404609,856.69709607209,196.68488516684,1620.6139083946
102725.37893126,856.95222735416,196.68488516684,1620.0032013885
102922.06381643,856.20305190944,196.68488516684,1618.4221823715
103118.74870159,855.80044470072,196.68488516684,1617.7169577733
103305.5993425,854.71214938665,186.85064090849,1616.0047136391
103501.79251546,854.75955126734,196.19317295392,1615.4997375149
103697.98568841,854.53478176036,196.19317295392,1614.1087195851
103894.17886136,853.71288592169,196.19317295392,1613.169962999
104090.37203432,853.08329870368,196.19317295392,1611.6329083426
104286.56520727,852.0185370603,196.19317295392,1610.5908618516
104482.75838023,851.96588090994,196.19317295392,1609.2541232981
104678.95155318,851.24644935328,196.19317295392,1608.4776087033
104856.01589177,849.74551602678,177.06433859091,1606.0058740396
105024.22701343,848.43081490818,168.21112166137,1605.1962208404
105192.43813509,848.06465020008,168.21112166137,1603.7510486996
105360.64925676,847.76311949005,168.21112166137,1603.4523700331
105537.2709345,847.59523284497,176.62167774443,1602.1166441532
105713.89261224,847.02971742907,176.62167774443,1601.5555165263
105899.34537388,847.29193368464,185.45276163166,1600.544463334
106084.79813551,846.89374036053,185.45276163166,1600.0812038822
106270.25089714,847.09716186602,185.45276163166,1599.0895300646
106455.70365877,846.30943718092,185.45276163166,1598.4485874495
106641.1564204,846.78682706088,185.45276163166,1597.5822937072
106826.60918203,846.0009658013,185.45276163166,1596.9551123714
107012.06194367,845.94228563613,185.45276163166,1595.8977207412
107197.5147053,844.87894995701,185.45276163166,1595.2249685098
107382.96746693,844.36154160833,185.45276163166,1593.7606297403
107568.42022856,843.40975739607,185.45276163166,1592.8755322449
107753.87299019,843.87340841788,185.45276163166,1592.2645076714
107948.59838991,843.01740319024,194.72539971324,1591.5181905841
108153.0600596,843.61088652593,204.4616696989,1590.9430501453
108357.5217293,842.81364548759,204.4616696989,1590.2151615634
108572.20648249,843.363314287,214.68475318385,1589.5572648882
108786.89123567,842.62288849904,214.68475318385,1588.8643436936
109001.57598886,842.89203192337,214.68475318385,1588.0991565744
109216.26074204,841.99131140872,214.68475318385,1587.3792905036
109430.94549522,842.50349612184,214.68475318385,1586.686127371
109645.63024841,841.16204005132,214.68475318385,1585.6076278002
109860.31500159,841.20559696459,214.68475318385,1584.7661335785
110074.99975477,840.1040161919,214.68475318385,1583.8102538071
110300.41874562,840.25810857398,225.41899084304,1583.0732313428
110525.83773646,839.61177669155,225.41899084304,1582.3348526679
110751.2567273,839.06936063604,225.41899084304,1581.2968831398
110976.67571815,837.9743491037,225.41899084304,1580.2581301865
111202.09470899,837.23587434979,225.41899084304,1578.9646431394
111427.51369983,833.83493067431,225.41899084304,1576.4187894672
111641.66174113,833.27497597403,214.14804130089,1575.3963415569
111855.80978243,832.56100886659,214.14804130089,1574.5060439041
112069.95782374,832.31116725433,214.14804130089,1573.6303968994
112284.10586504,831.76193127084,214.14804130089,1572.9729732495
112508.9613084,832.12300541097,224.85544336593,1572.6090261097
112733.81675177,831.58448009087,224.85544336593,1571.9634468087
112969.9149673,831.75195310517,236.09821553423,1571.4247775634
113206.01318284,831.38094621678,236.09821553423,1570.8683108386
113453.91630915,831.31606280536,247.90312631094,1570.1770195044
113701.81943546,830.79642192688,247.90312631094,1569.6264976727
113949.72256177,830.85287743054,247.90312631094,1568.9454472111
114197.62568808,830.14601411913,247.90312631094,1568.2716757652
114445.52881439,830.12567166951,247.90312631094,1567.502863243
114693.4319407,828.87729812929,247.90312631094,1566.5296534967
114941.33506701,828.0244120935,247.90312631094,1565.4707748582
115189.23819332,827.39642529035,247.90312631094,1564.8362799218
115449.53647595,827.10042946766,260.29828262648,1563.9515157317
115722.84967271,826.75207363789,273.31319675781,1563.4251805365
116009.8285293,826.29865876705,286.9788565957,1562.5596996848
116296.8073859,825.38759027198,286.9788565957,1561.7738268551
116583.7862425,824.72634320999,286.9788565957,1560.9185781724
116870.76509909,824.3935096138,286.9788565957,1560.3064388625
117157.74395569,824.08688266881,286.9788565957,1559.678663159
117444.72281228,823.96022613602,286.9788565957,1559.1741583348
117731.70166888,823.21213697745,286.9788565957,1558.3602470871
118018.68052547,823.40288859951,286.9788565957,1558.0445030799
118305.65938207,822.53215283206,286.9788565957,1557.119740872
118592.63823867,822.02733144326,286.9788565957,1556.5683571844
118879.61709526,821.63039915808,286.9788565957,1555.9221448401
119166.59595186,821.60520585359,286.9788565957,1555.4500471321
119453.57480845,821.38417364212,286.9788565957,1554.9573065218
119740.55366505,821.16631917996,286.9788565957,1554.375994145
120027.53252164,820.39835588059,286.9788565957,1553.5499654136
120314.51137824,819.67958396156,286.9788565957,1552.9595139051
120601.49023484,819.11609555882,286.9788565957,1552.3198310735
120888.46909143,819.08879025754,286.9788565957,1551.968385573
121189.79689086,818.89967523296,301.32779942548,1551.4469365524
121491.12469028,818.44265196228,301.32779942548,1550.8440143937
121792.45248971,818.60955595977,301.32779942548,1550.6338415842
122093.78028913,818.37518836372,301.32779942548,1550.2834806694
122395.10808856,818.33449513203,301.32779942548,1549.9361523546
122696.43588798,818.01292509794,301.32779942548,1549.536186439
123012.83007738,818.24049495551,316.39418939676,1549.3319621107
123329.22426678,817.71701520635,316.39418939676,1548.8007080948
123645.61845617,817.89867199048,316.39418939676,1548.6085572741
123962.01264557,817.33241480414,316.39418939676,1548.0908854543
124294.22654444,817.50821609781,332.2138988666,1547.9538057331
124626.4404433,817.11769267022,332.2138988666,1547.4738694236
124958.65434217,817.22860264027,332.2138988666,1547.3176173008
125290.86824104,816.84599260171,332.2138988666,1546.8588137189
125623.0821399,816.71295661659,332.2138988666,1546.4680392275
125955.29603877,816.26221388703,332.2138988666,1545.9416602215
126287.50993764,816.17406755138,332.2138988666,1545.6110326328
126619.7238365,815.79811179541,332.2138988666,1545.1859898273
126951.93773537,815.4295153809,332.2138988666,1544.6868792733
127300.76232918,815.3115893446,348.82459380993,1544.377312583
127649.58692299,815.00918243057,348.82459380993,1543.9500796903
127998.4115168,815.05629192892,348.82459380993,1543.9295434105
128364.6773403,815.15776583294,366.26582350042,1543.7339405714
128749.25645498,815.20025464502,384.57911467544,1543.5952744624
129133.83556965,815.09263482445,384.57911467544,1543.2657930676
129537.64364006,814.89372307134,403.80807040922,1543.016165118
129941.45171047,814.46691322469,403.80807040922,1542.5288554689
130345.25978088,814.36053753743,403.80807040922,1542.2921382282
130769.25825481,813.90248587772,423.99847392968,1541.8489902017
131193.25672874,813.87617045052,423.99847392968,1541.6471394613
131638.45512636,813.50362185384,445.19839762616,1541.1953296578
132083.65352399,812.57535079566,445.19839762616,1540.5925577278
132506.59200174,811.87669142531,422.93847774485,1540.0573077892
132929.53047948,812.12069936683,422.93847774485,1539.9856516565
133352.46895723,811.7111275824,422.93847774485,1539.5905671776
133796.55435886,811.87970218266,444.0854016321,1539.551541704
134240.63976049,811.39704233459,444.0854016321,1539.1083113728
134706.9294322,811.61030173154,466.2896717137,1539.1047540304
135196.5335875,811.23576566787,489.60415529939,1538.6982403708
135686.1377428,811.43089007533,489.60415529939,1538.6772287791
136200.22210587,811.01966677361,514.08436306436,1538.2756999436
136714.30646893,811.16877742018,514.08436306436,1538.2547822748
137254.09505015,810.80180796325,539.78858121757,1537.8352680262
137793.88363137,810.76015837899,539.78858121757,1537.740029981
138333.67221258,810.44590216438,539.78858121757,1537.3103035025
138873.4607938,810.40111837005,539.78858121757,1537.233163711
139413.24937502,810.12046118267,539.78858121757,1536.88158271
139926.04852718,810.31069466638,512.79915215669,1536.9578549858
140438.84767933,810.07466198537,512.79915215669,1536.6502587794
140951.64683149,810.20814473287,512.79915215669,1536.7318996842
141464.44598365,809.96453761159,512.79915215669,1536.4009729973
141977.2451358,810.12098882126,512.79915215669,1536.5258795683
142490.04428796,809.8716556831,512.79915215669,1536.1503136741
143002.84344012,809.9997886927,512.79915215669,1536.2654330756
143541.28254988,809.72537348515,538.43910976453,1535.9299605165
144106.64361513,809.75454113671,565.36106525276,1535.9797946937
144672.00468039,809.42425369335,565.36106525276,1535.6319881756
145265.6337989,809.53434873252,593.62911851539,1535.7715369712
145859.26291742,809.12643762745,593.62911851539,1535.4351820129
146482.57349186,809.38925381992,623.31057444116,1535.6327603994
147105.8840663,808.99988956932,623.31057444116,1535.2369243198
147729.19464074,809.15695777613,623.31057444116,1535.4063574148
148383.6707439,808.83412812182,654.47610316322,1535.0268456326
149070.87065222,809.08827826403,687.19990832138,1535.2366184449
149758.07056055,808.83717929221,687.19990832138,1534.8738464055
150445.27046887,809.01697615349,687.19990832138,1535.0665516518
151132.47037719,808.78746717111,687.19990832138,1534.7188352212
151854.03028093,809.00809319465,721.55990373745,1534.8834573828
152575.59018466,808.64634829302,721.55990373745,1534.4919623129
153261.07209321,808.82072391441,685.48190855058,1534.6448803088
153946.55400176,808.32753945483,685.48190855058,1534.2063658505
154632.03591031,808.58999337038,685.48190855058,1534.4788602712
155351.79191429,808.13977804353,719.75600397811,1534.0381478607
156071.54791827,808.49266188198,719.75600397811,1534.3808234061
156791.30392225,807.93533880171,719.75600397811,1533.9186309701
157511.05992623,808.28463310184,719.75600397811,1534.2412562289
158230.81593021,807.75316911831,719.75600397811,1533.7986329961
158950.57193418,808.19969458003,719.75600397811,1534.1549580615
159706.31573836,807.62694485726,755.74380417701,1533.6753371248
160462.05954254,807.99500672173,755.74380417701,1534.0005758255
161217.80334671,807.33234705896,755.74380417701,1533.5147315474
161973.54715089,807.76484657334,755.74380417701,1533.8726822869
162729.29095507,807.06373639993,755.74380417701,1533.380414434
163485.03475925,807.49096872517,755.74380417701,1533.7190843518
164202.99137321,806.83334649982,717.95661396816,1533.2311698878
164920.94798718,807.32568304469,717.95661396816,1533.577064448
165638.90460115,806.71222146354,717.95661396816,1533.1194610705
166356.86121512,807.1484738733,717.95661396816,1533.436779243
167074.81782909,806.55813512411,717.95661396816,1532.9979467789
167792.77444305,807.08314720731,717.95661396816,1533.332348675
168546.62888772,806.41434667218,753.85444466657,1532.8683221572
169300.48333239,807.01483093233,753.85444466657,1533.2466449194
170092.03049929,806.38145429286,791.5471668999,1532.825690538
170883.57766619,806.95788333975,791.5471668999,1533.1895854855
171675.12483309,806.42814363958,791.5471668999,1532.7746762985
172466.67199999,806.99320874533,791.5471668999,1533.1175830069
173258.21916689,806.43372835456,791.5471668999,1532.6812177169
174049.76633379,806.95473184434,791.5471668999,1533.0141719695
174880.89085903,806.40869978686,831.12452524489,1532.5847492396
175712.01538428,806.94936205922,831.12452524489,1532.9308538888
176584.69613578,806.41339510082,872.68075150714,1532.4836926445
177457.37688729,806.91569454356,872.68075150714,1532.8353162246
178330.0576388,806.38287632491,872.68075150714,1532.4224531914
179202.73839031,806.92562966976,872.68075150714,1532.7839331212
180031.78510424,806.34980735877,829.04671393178,1532.3777348479
180819.37948247,806.90725665356,787.59437823519,1532.6399314471
181646.35357962,806.23368324319,826.97409714695,1532.2312083224
182473.32767677,806.75278772213,826.97409714695,1532.4860753621
183341.65047877,806.11654568301,868.3228020043,1532.0785981703
184253.38942087,806.61709066702,911.73894210452,1532.3814005964
185165.12836298,805.95806862824,911.73894210452,1531.9378943857
186122.45425219,806.39316826888,957.32588920974,1532.2271988918
187079.7801414,805.76522301543,957.32588920974,1531.8140634719
188034.71271589,806.21236107075,954.93257448672,1532.0994457091
188989.64529037,805.55642182676,954.93257448672,1531.694199537
189944.57786486,806.03968321687,954.93257448672,1531.9886402684
190947.25706807,805.43330416313,1002.6792032111,1531.6091108896
191949.93627128,805.90394531641,1002.6792032111,1531.8813434016
193002.74943465,805.16772457355,1052.8131633716,1531.4797109498
194108.20325619,805.69056338845,1105.4538215402,1531.7795344096
195268.92976881,804.91761238613,1160.7265126172,1531.3836857447
196487.69260706,805.47146225057,1218.7628382481,1531.7092966204
197767.39358722,804.66290304731,1279.7009801605,1531.292748916
199047.09456738,805.18505004553,1279.7009801605,1531.6133508301
200390.78059655,804.32973061476,1343.6860291685,1531.1469576534
201734.46662572,804.80829561579,1343.6860291685,1531.4878736946
203145.33695634,803.96370639096,1410.8703306269,1530.9953009239
204626.7508035,804.56604060709,1481.4138471583,1531.383758765
206182.23534302,803.73153628462,1555.4845395162,1530.8821180989
207737.71988253,804.38885579699,1555.4845395162,1531.3182737281
209293.20442205,803.54088054104,1555.4845395162,1530.8028806972
210848.68896157,804.25911442648,1555.4845395162,1531.2458096766
212404.17350108,803.53910573482,1555.4845395162,1530.7769141883
213959.6580406,804.15483364928,1555.4845395162,1531.1715045819
215515.14258011,803.46268212244,1555.4845395162,1530.6874111088
217070.62711963,804.1188510981,1555.4845395162,1531.1139951863
218703.88588612,803.37076780216,1633.258766492,1530.6163469365
220337.14465261,803.92224570699,1633.258766492,1531.0032803435
221970.40341911,803.32929670629,1633.258766492,1530.6006068731
223603.6621856,803.73564830717,1633.258766492,1530.9244427444
225318.58389041,803.21549559429,1714.9217048166,1530.5515520674
227033.50559523,803.64189735678,1714.9217048166,1530.8985449823
228748.42730005,803.10782464581,1714.9217048166,1530.5488326922
230463.34900486,803.44403087105,1714.9217048166,1530.8438851203
232178.27070968,802.89219420186,1714.9217048166,1530.5127511883
233893.1924145,803.28167346898,1714.9217048166,1530.822583227
235693.86020456,802.7424081704,1800.6677900574,1530.486478853
237494.52799461,803.18862271607,1800.6677900574,1530.8345709738
239295.19578467,802.67835258545,1800.6677900574,1530.4816489378
241095.86357473,803.21707215451,1800.6677900574,1530.8647311944
242896.53136478,802.65444512896,1800.6677900574,1530.4804227904
244697.19915484,803.15450825921,1800.6677900574,1530.8383852069
246497.8669449,802.65144579662,1800.6677900574,1530.4882002108
248298.53473496,803.16836878675,1800.6677900574,1530.8434213032
250099.20252501,802.63166864938,1800.6677900574,1530.477418256
251899.87031507,803.17166132678,1800.6677900574,1530.8361238579
253700.53810513,802.60720990188,1800.6677900574,1530.4527059081
255501.20589519,803.14452336682,1800.6677900574,1530.8214065066
257391.90707475,802.6107406723,1890.7011795603,1530.4502178087
259282.60825431,803.15687162669,1890.7011795603,1530.8147637811
261173.30943387,802.62137259917,1890.7011795603,1530.4439725381
263064.01061343,803.11460810522,1890.7011795603,1530.8016129561
265049.24685197,802.59512700824,1985.2362385383,1530.4333848187
267034.4830905,803.08874570203,1985.2362385383,1530.7899547979
269118.98114097,802.53943901669,2084.4980504652,1530.4089788277
271203.47919143,803.07196639854,2084.4980504652,1530.7888638883
273392.20214442,802.53449381499,2188.7229529885,1530.4142858264
275580.92509741,803.0468882531,2188.7229529885,1530.7820816519
277879.08419805,802.52195292827,2298.1591006379,1530.4122670264
280177.24329869,803.03339455492,2298.1591006379,1530.7710530329
282590.31035436,802.51902118673,2413.0670556698,1530.4138049916
285003.37741003,803.05858422423,2413.0670556698,1530.7817003351
287416.4444657,802.52764562496,2413.0670556698,1530.4146636757
289829.51152137,803.06891478874,2413.0670556698,1530.7845334948
292363.23192982,802.53112522848,2533.7204084533,1530.4103567338
294896.95233827,803.07536528314,2533.7204084533,1530.7704475363
297430.67274673,802.53784117078,2533.7204084533,1530.409914866
299964.39315518,803.0960884944,2533.7204084533,1530.7737096622
302498.11356363,802.5462039876,2533.7204084533,1530.4053895655
305031.83397209,803.10780647834,2533.7204084533,1530.7899732645
307565.55438054,802.54538997378,2533.7204084533,1530.4059194446
310099.27478899,803.10375335244,2533.7204084533,1530.7829238298
312632.99519745,802.54404852269,2533.7204084533,1530.4066850739
315166.7156059,803.1193559958,2533.7204084533,1530.7914145063
317700.43601435,802.54809245662,2533.7204084533,1530.4273956407
320234.15642281,803.10739843039,2533.7204084533,1530.7830472419
322894.56285168,802.53905540119,2660.4064288759,1530.4302538032
325554.96928056,803.11379074242,2660.4064288759,1530.7973673548
328215.37570943,802.55413550365,2660.4064288759,1530.4339659886
330875.78213831,803.10362358103,2660.4064288759,1530.7903634017
333669.20888863,802.53531602355,2793.4267503197,1530.4270527945
336462.63563895,803.10978546082,2793.4267503197,1530.7986076035
339256.06238927,802.57445038192,2793.4267503197,1530.4400948581
342049.48913959,803.10334840745,2793.4267503197,1530.7983421503
344982.58722742,802.55877427243,2933.0980878357,1530.4326243605
347915.68531526,803.10891330838,2933.0980878357,1530.8066202678
350995.43830749,802.53235820583,3079.7529922275,1530.4217090929
354075.19129971,803.11431582511,3079.7529922275,1530.8118192656
357308.93194155,802.51165324433,3233.7406418389,1530.4000377544
360542.67258339,803.1004972239,3233.7406418389,1530.8064064609
363938.10025732,802.50981529569,3395.4276739308,1530.4000678183
367333.52793125,803.10050098892,3395.4276739308,1530.8066664603
370898.72698888,802.47602180116,3565.1990576274,1530.3748752123
374463.92604651,803.10012048327,3565.1990576274,1530.8033126106
378207.38505702,802.49667273223,3743.4590105087,1530.3898430497
381950.84406753,803.09147999201,3743.4590105087,1530.7958345792
385881.47602856,802.46979559128,3930.6319610342,1530.3632898976
389812.10798959,803.09573487785,3930.6319610342,1530.7963419706
393742.73995063,802.49478831691,3930.6319610342,1530.3890385759
397673.37191166,803.08266217288,3930.6319610342,1530.7955209111
401800.53547075,802.49197796479,4127.1635590859,1530.3889201618
405927.69902983,803.08501611851,4127.1635590859,1530.7955534781
410261.22076687,802.49219549427,4333.5217370402,1530.3896958307
414594.74250391,803.08887264539,4333.5217370402,1530.7957025493
418495.96836317,802.50112715946,3901.2258592595,1530.3895213372
422202.13292947,803.08449519809,3706.1645662966,1530.7885194366
425722.98926745,802.47803393524,3520.8563379817,1530.3764861443
429243.84560543,803.09147543153,3520.8563379817,1530.8006835112
432764.70194342,802.5094072767,3520.8563379817,1530.4025419068
436285.5582814,803.07692275021,3520.8563379817,1530.7850608257
439806.41461938,802.46326277405,3520.8563379817,1530.3862132328
443327.27095736,803.07279635418,3520.8563379817,1530.7839502829
446848.12729534,802.47750970436,3520.8563379817,1530.39169295
450368.98363332,803.03076661205,3520.8563379817,1530.7619410725
454065.88278821,802.46574236151,3696.8991548808,1530.3859716835
457762.78194309,803.03001602551,3696.8991548808,1530.7725572595
461459.68109797,802.43474827728,3696.8991548808,1530.3772702755
465156.58025285,803.00598454993,3696.8991548808,1530.7545894888
468853.47940773,802.39402950691,3696.8991548808,1530.357641389
472550.37856261,802.9483627042,3696.8991548808,1530.7389118074
476247.27771749,802.35659174148,3696.8991548808,1530.3892158662
479944.17687237,802.87426653503,3696.8991548808,1530.7381591904
483641.07602725,802.27870556207,3696.8991548808,1530.365368127
487337.97518213,802.82712613694,3696.8991548808,1530.7505601294
491219.71929476,802.26198072313,3881.7441126249,1530.3695455535
495101.46340738,802.77053015805,3881.7441126249,1530.7271919967
498983.20752001,802.25830853208,3881.7441126249,1530.3921574979
502864.95163263,802.77149359657,3881.7441126249,1530.7365087331
506940.78295089,802.24618672828,4075.8313182561,1530.3922648341
511016.61426914,802.75553681931,4075.8313182561,1530.7473132593
515296.23715331,802.23825180665,4279.6228841689,1530.3853937323
519575.86003748,802.74720930254,4279.6228841689,1530.752228465
524069.46406586,802.22712170757,4493.6040283774,1530.3809149736
528563.06809424,802.74483565812,4493.6040283774,1530.7521477246
533281.35232403,802.22727860978,4718.2842297962,1530.3805608036
537999.63655383,802.7523337363,4718.2842297962,1530.7590823566
542953.83499512,802.2254873617,4954.198441286,1530.3795402247
547908.0334364,802.74190735612,4954.198441286,1530.7577580711
552862.23187769,802.22590086175,4954.198441286,1530.3847143585
557816.43031897,802.76053754214,4954.198441286,1530.7567584067
562770.62876026,802.21186640599,4954.198441286,1530.3764721559
567724.82720155,802.77042375507,4954.198441286,1530.7617054681
572926.7355649,802.22245563292,5201.9083633503,1530.3881941345
578128.64392825,802.77516124254,5201.9083633503,1530.7607418268
583330.5522916,802.2085503081,5201.9083633503,1530.3801651547
588532.46065495,802.78787226111,5201.9083633503,1530.7598642679
593994.46443646,802.23800831369,5462.0037815179,1530.3971320025
599456.46821798,802.78821970659,5462.0037815179,1530.7526870172
604918.4719995,802.22411298057,5462.0037815179,1530.3807796178
610380.47578102,802.7718380542,5462.0037815179,1530.7439359722
615842.47956254,802.24242608471,5462.0037815179,1530.3980366977
621304.48334405,802.81127329448,5462.0037815179,1530.7644661381
627039.58731465,802.24494182,5735.1039705938,1530.398658721
632774.69128524,802.79954384254,5735.1039705938,1530.7528674845
638796.55045437,802.24396771063,6021.8591691234,1530.4070589149
644818.40962349,802.80225731951,6021.8591691234,1530.7527506332
651141.36175107,802.24306842128,6322.9521275796,1530.4156523448
657464.31387865,802.79893002896,6322.9521275796,1530.7566170214
663787.26600623,802.24454943426,6322.9521275796,1530.41616829
670110.21813381,802.80150965631,6322.9521275796,1530.7570870862
676749.31786777,802.24710490457,6639.0997339586,1530.4166466962
683388.41760172,802.804812606,6639.0997339586,1530.7576966718
690027.51733568,802.24836568258,6639.0997339586,1530.4169236547
696666.61706964,802.80829506949,6639.0997339586,1530.7583131477
703305.7168036,802.24656092897,6639.0997339586,1530.4124221254
709944.81653756,802.80570784439,6639.0997339586,1530.7564078872
716583.91627152,802.29261153578,6639.0997339586,1530.4337253643
723223.01600548,802.80800769555,6639.0997339586,1530.7536049775
729862.11573943,802.2791436502,6639.0997339586,1530.4212743701
736501.21547339,802.80996103699,6639.0997339586,1530.7546688369
743140.31520735,802.30439071027,6639.0997339586,1530.4298258696
749779.41494131,802.81581596166,6639.0997339586,1530.755036852
756418.51467527,802.29357853295,6639.0997339586,1530.4199502108
763057.61440923,802.81899934519,6639.0997339586,1530.7561280858
769696.71414319,802.29699263521,6639.0997339586,1530.4206772951
776335.81387714,802.82268874993,6639.0997339586,1530.7568300674
782974.9136111,802.30048285762,6639.0997339586,1530.421417494
789614.01334506,802.82413144978,6639.0997339586,1530.7581492747
796253.11307902,802.30452275394,6639.0997339586,1530.4221454568
802892.21281298,802.8282901051,6639.0997339586,1530.7586828663
809531.31254694,802.30524401719,6639.0997339586,1530.4249718291
816170.4122809,802.83188462252,6639.0997339586,1530.7594350902
822809.51201485,802.29654747089,6639.0997339586,1530.4185094068
829448.61174881,802.83802680771,6639.0997339586,1530.7604224803
836087.71148277,802.29961574844,6639.0997339586,1530.4238862345
842726.81121673,802.83962691313,6639.0997339586,1530.75637374
849365.91095069,802.30197124875,6639.0997339586,1530.4255420285
856005.01068465,802.84333300275,6639.0997339586,1530.7572962849
862644.11041861,802.30641640461,6639.0997339586,1530.4263452334
869283.21015257,802.84788825735,6639.0997339586,1530.7581025309
875922.30988652,802.31032092443,6639.0997339586,1530.4273350999
882561.40962048,802.85320633057,6639.0997339586,1530.7560145529
889200.50935444,802.31776351777,6639.0997339586,1530.4306782113
895839.6090884,802.85913786227,6639.0997339586,1530.7566847519
902478.70882236,802.31998997168,6639.0997339586,1530.4322546129
909117.80855632,802.86450313799,6639.0997339586,1530.7574830934
915756.90829028,802.32475608561,6639.0997339586,1530.4331352486
922396.00802423,802.87004299917,6639.0997339586,1530.7581584218
929035.10775819,802.3391370576,6639.0997339586,1530.4407864658
935674.20749215,802.87148642235,6639.0997339586,1530.7658557784
942313.30722611,802.34688040445,6639.0997339586,1530.4420590455
948952.40696007,802.87754981619,6639.0997339586,1530.766594929
955591.50669403,802.35157324725,6639.0997339586,1530.4433843346
962230.60642799,802.88390832915,6639.0997339586,1530.7671232253
968869.70616194,802.36774666144,6639.0997339586,1530.4506966484
975508.8058959,802.86371144642,6639.0997339586,1530.7610226446
982147.90562986,802.37135490297,6639.0997339586,1530.4518459761
988787.00536382,802.86419097528,6639.0997339586,1530.7644782087
995426.10509778,802.37668302041,6639.0997339586,1530.452904521
1000000,802.87059584729,4573.8949022214,1530.765377714
